Description,#SampleID,dna_con_ug_ml,plant_number,week,day,chamber,treatment,date_inoculated,pitcher_fluid_pH,fluid_color,pitcher_fluid_volume_mL,number_of_pitchers,new_leaves,protease_rate_nM_per_min,chitinase_rate_uM_per_min,photosynthetic_rate_leaf2_μmol_per_m2sec,photosynthetic_rate_leaf1_μmol_per_m2sec,fv_fm,wk8_k,wk8_n0,wk8_r,wetmass_leaf1_grams,drymass_leaf1_grams,wetmass_leaf2_grams,drymass_leaf2_grams,wetmass_plant_grams,drymass_plant_grams,leaf1_percent_N,leaf1_percent_C,leaf2_percent_N,leaf2_percent_C,leaf3_percent_N,leaf3_percent_C,rhiz_percent_N,rhiz_percent_C,root_percent_N,root_percent_C,pitcher_aperture_mm,pitcher_width_mm,pitcher_length_cm,resp_co2_ppm_t0,resp_co2_ppm_t6hr,resp_co2_ppm_t24hr,resp_co2_ppm_t48,bacterial_respiration_rate_at_24hr,cumulative_chitinase_uM_min,cumulative_protease_nM_min,clip_N,clip_C
NA,NA,NA,20,0,1,2,ACM,7/14/21,NA,NA,5,5,NA,11.1231795,-0.000165992,2.14431787,NA,NA,NA,NA,NA,NA,NA,NA,NA,NA,NA,NA,NA,NA,NA,NA,NA,NA,NA,NA,NA,3.43,13.46,8.8,NA,NA,NA,NA,NA,NA,NA,NA,NA
20_ACM_1,20.ACM.1,4.3145,20,1,8,2,ACM,7/14/21,NA,NA,NA,NA,NA,1374.311019,-0.000146131,NA,NA,0.781,NA,NA,NA,NA,NA,NA,NA,NA,NA,NA,NA,NA,NA,NA,NA,NA,NA,NA,NA,19.13,25.07,10.1,NA,NA,NA,NA,NA,NA,NA,NA,NA
20_ACM_2,20.ACM.2,26.9895,20,2,15,2,ACM,7/14/21,NA,NA,NA,NA,NA,555.7634731,-0.00042887,NA,NA,0.765,NA,NA,NA,NA,NA,NA,NA,NA,NA,NA,NA,NA,NA,NA,NA,NA,NA,NA,NA,27.09,31.33,10.8,NA,NA,NA,NA,NA,NA,NA,NA,NA
20_ACM_3,20.ACM.3,3.8155,20,3,22,2,ACM,7/14/21,NA,NA,NA,NA,NA,808.0785648,0.002542693,NA,NA,0.73,NA,NA,NA,NA,NA,NA,NA,NA,NA,NA,NA,NA,NA,NA,NA,NA,NA,NA,NA,26.96,30.69,10.2,NA,NA,NA,NA,NA,NA,NA,0.339241922,46.22147926
20_ACM_4,20.ACM.4,26.3105,20,4,29,2,ACM,7/14/21,NA,NA,NA,NA,NA,399.4487603,0.006251764,NA,NA,0.807,NA,NA,NA,NA,NA,NA,NA,NA,NA,NA,NA,NA,NA,NA,NA,NA,NA,NA,NA,23.75,31.91,11.0,NA,NA,NA,NA,NA,NA,NA,NA,NA
20_ACM_5,20.ACM.5,10.9,20,5,36,2,ACM,7/14/21,NA,NA,NA,NA,NA,773.9094136,0.013782453,NA,NA,0.715,NA,NA,NA,NA,NA,NA,NA,NA,NA,NA,NA,NA,NA,NA,NA,NA,NA,NA,NA,24.15,28.89,11.1,NA,NA,NA,NA,NA,NA,NA,0.309744894,46.63727364
20_ACM_6,20.ACM.6,16.8475,20,6,43,2,ACM,7/14/21,NA,NA,NA,NA,NA,550.8021145,0.013907248,NA,NA,0.698,NA,NA,NA,NA,NA,NA,NA,NA,NA,NA,NA,NA,NA,NA,NA,NA,NA,NA,NA,26.13,29.51,10.9,NA,NA,NA,NA,NA,NA,NA,NA,NA
20_ACM_7,20.ACM.7,7.034,20,7,50,2,ACM,7/14/21,NA,NA,NA,NA,NA,985.9340833,0.011937248,NA,NA,0.701,NA,NA,NA,NA,NA,NA,NA,NA,NA,NA,NA,NA,NA,NA,NA,NA,NA,NA,NA,25.93,30.13,11.1,NA,NA,NA,NA,NA,NA,NA,NA,NA
20_ACM_8,20.ACM.8,27.159,20,8,55,2,ACM,7/14/21,6,LB,2,6,1,512.2703715,0.00198303,1.342728261,2.897040172,0.773,0.636445654,0.073571071,0.246177719,2.33,0.39,1.58,0.33,NA,NA,1.604472021,47.00399538,0.393925011,47.11128855,NA,NA,NA,NA,NA,NA,27.1,31.48,10.5,140.9363728,7556.340572,44969.57719,57544.44464,1867.860034,0.049663443,5971.640979,NA,NA
NA,NA,NA,26,0,1,2,ACM,6/23/21,NA,NA,6.67,7,NA,-8.373151337,-0.000100151,NA,NA,NA,NA,NA,NA,NA,NA,NA,NA,NA,NA,NA,NA,NA,NA,NA,NA,NA,NA,NA,NA,NA,NA,NA,NA,NA,NA,NA,NA,NA,NA,NA,NA
26_ACM_1,26.ACM.1,16.254,26,1,8,2,ACM,6/23/21,NA,NA,NA,NA,NA,536.5701142,9.59729E-06,NA,NA,0.785,NA,NA,NA,NA,NA,NA,NA,NA,NA,NA,NA,NA,NA,NA,NA,NA,NA,NA,NA,21.26,24.88,10.1,NA,NA,NA,NA,NA,NA,NA,NA,NA
26_ACM_2,26.ACM.2,21.379,26,2,15,2,ACM,6/23/21,NA,NA,NA,NA,NA,429.3647023,0.000250447,NA,NA,0.777,NA,NA,NA,NA,NA,NA,NA,NA,NA,NA,NA,NA,NA,NA,NA,NA,NA,NA,NA,20.87,23.6,9.9,NA,NA,NA,NA,NA,NA,NA,NA,NA
26_ACM_3,26.ACM.3,41.312,26,3,22,2,ACM,6/23/21,NA,NA,NA,NA,NA,203.579372,1.11818E-05,NA,NA,0.75,NA,NA,NA,NA,NA,NA,NA,NA,NA,NA,NA,NA,NA,NA,NA,NA,NA,NA,NA,18.55,23.37,9.2,NA,NA,NA,NA,NA,NA,NA,0.740293681,45.96609164
26_ACM_4,26.ACM.4,16.662,26,4,29,2,ACM,6/23/21,NA,NA,NA,NA,NA,982.5482809,0.000355271,NA,NA,0.774,NA,NA,NA,NA,NA,NA,NA,NA,NA,NA,NA,NA,NA,NA,NA,NA,NA,NA,NA,17.74,23.18,9.5,NA,NA,NA,NA,NA,NA,NA,NA,NA
26_ACM_5,26.ACM.5,30.9595,26,5,36,2,ACM,6/23/21,NA,NA,NA,NA,NA,624.6845595,-7.18273E-05,NA,NA,0.737,NA,NA,NA,NA,NA,NA,NA,NA,NA,NA,NA,NA,NA,NA,NA,NA,NA,NA,NA,20.38,23.73,10.0,NA,NA,NA,NA,NA,NA,NA,0.838996827,46.5494504
26_ACM_6,26.ACM.6,21.0055,26,6,43,2,ACM,6/23/21,NA,NA,NA,NA,NA,1100.044705,0.000716957,NA,NA,0.781,NA,NA,NA,NA,NA,NA,NA,NA,NA,NA,NA,NA,NA,NA,NA,NA,NA,NA,NA,21.17,22.95,9.3,NA,NA,NA,NA,NA,NA,NA,NA,NA
26_ACM_7,26.ACM.7,2.5355,26,7,50,2,ACM,6/23/21,NA,NA,NA,NA,NA,136.5653787,0.001881409,NA,NA,0.769,NA,NA,NA,NA,NA,NA,NA,NA,NA,NA,NA,NA,NA,NA,NA,NA,NA,NA,NA,18.95,23.68,9.5,NA,NA,NA,NA,NA,NA,NA,NA,NA
26_ACM_8,26.ACM.8,14.54,26,8,55,2,ACM,6/23/21,5.4,LB,1.5,8,1,NA,0.074141724,1.033042716,2.515614737,0.762,0.810277375,0.032666815,0.365213704,1.6,0.24,1.16,0.2,12.12,2.24,1.333580116,46.78608461,0.38269031,46.50334025,-0.075214429,45.90376424,0.04869576,45.30522298,-0.013335688,46.61470937,18.77,22.22,9.9,-135.0867346,44805.51938,55769.47667,NA,2329.356809,0.077194608,4004.983961,NA,NA
NA,NA,NA,30,0,1,1,ACM,6/30/21,NA,NA,4.444,5,NA,0.190689787,-0.000315053,NA,NA,NA,NA,NA,NA,NA,NA,NA,NA,NA,NA,NA,NA,NA,NA,NA,NA,NA,NA,NA,NA,5.58,11.7,6.9,NA,NA,NA,NA,NA,NA,NA,NA,NA
30_ACM_1,30.ACM.1,0.3865,30,1,8,1,ACM,6/30/21,NA,NA,NA,NA,NA,231.0229004,-8.8043E-05,NA,NA,0.784,NA,NA,NA,NA,NA,NA,NA,NA,NA,NA,NA,NA,NA,NA,NA,NA,NA,NA,NA,23.22,32.89,10.5,NA,NA,NA,NA,NA,NA,NA,NA,NA
NA,NA,NA,30,2,15,1,ACM,6/30/21,NA,NA,NA,NA,NA,2266.718464,0.000128398,NA,NA,0.76,NA,NA,NA,NA,NA,NA,NA,NA,NA,NA,NA,NA,NA,NA,NA,NA,NA,NA,NA,24.34,33.87,NA,NA,NA,NA,NA,NA,NA,NA,NA,NA
30_ACM_3,30.ACM.3,46.502,30,3,22,1,ACM,6/30/21,NA,NA,NA,NA,NA,5296.547535,0.002099096,NA,NA,0.749,NA,NA,NA,NA,NA,NA,NA,NA,NA,NA,NA,NA,NA,NA,NA,NA,NA,NA,NA,22.63,33.35,11.0,NA,NA,NA,NA,NA,NA,NA,0.412218749,46.56834587
30_ACM_4,30.ACM.4,34.637,30,4,29,1,ACM,6/30/21,NA,NA,NA,NA,NA,897.9576561,8.25125E-05,NA,NA,0.75,NA,NA,NA,NA,NA,NA,NA,NA,NA,NA,NA,NA,NA,NA,NA,NA,NA,NA,NA,22.9,32.68,10.5,NA,NA,NA,NA,NA,NA,NA,NA,NA
30_ACM_5,30.ACM.5,11.593,30,5,36,1,ACM,6/30/21,NA,NA,NA,NA,NA,1045.663648,0.002161965,NA,NA,0.751,NA,NA,NA,NA,NA,NA,NA,NA,NA,NA,NA,NA,NA,NA,NA,NA,NA,NA,NA,23.15,32.02,9.5,NA,NA,NA,NA,NA,NA,NA,0.578153789,47.18431267
30_ACM_6,30.ACM.6,23.068,30,6,43,1,ACM,6/30/21,NA,NA,NA,NA,NA,67.8951167,0.001224207,NA,NA,0.771,NA,NA,NA,NA,NA,NA,NA,NA,NA,NA,NA,NA,NA,NA,NA,NA,NA,NA,NA,23.86,29.19,10.9,NA,NA,NA,NA,NA,NA,NA,NA,NA
30_ACM_7,30.ACM.7,20.035,30,7,50,1,ACM,6/30/21,NA,NA,NA,NA,NA,1060.328447,0.009297936,NA,NA,0.793,NA,NA,NA,NA,NA,NA,NA,NA,NA,NA,NA,NA,NA,NA,NA,NA,NA,NA,NA,22.87,32.3,11.2,NA,NA,NA,NA,NA,NA,NA,NA,NA
30_ACM_8,30.ACM.8,30.955,30,8,55,1,ACM,6/30/21,NA,LB,14.5,6,1,1309.140684,0.003660327,1.481033825,2.090893584,0.794,0.503403362,0.013348772,0.902754445,2.07,0.31,1.52,0.23,19.57,3.68,1.221994022,47.4290938,0.221679568,46.35470057,-0.107489808,45.73518514,0.203566628,45.57526922,0.100861387,47.28536748,24.39,29.98,10.7,554.031357,105720.589,98154.9219,115815.3141,4066.703773,0.018251347,12175.46514,NA,NA
NA,NA,NA,40,0,1,1,ACM,6/30/21,NA,NA,4.444,5,NA,0.215720666,-0.00010961,NA,NA,NA,NA,NA,NA,NA,NA,NA,NA,NA,NA,NA,NA,NA,NA,NA,NA,NA,NA,NA,NA,5.91,12.73,6.6,NA,NA,NA,NA,NA,NA,NA,NA,NA
40_ACM_1_R,40.ACM.1.R,11.614,40,1,8,1,ACM,6/30/21,NA,NA,NA,NA,NA,613.553299,0.000119869,NA,NA,0.734,NA,NA,NA,NA,NA,NA,NA,NA,NA,NA,NA,NA,NA,NA,NA,NA,NA,NA,NA,19.75,27.43,10.2,NA,NA,NA,NA,NA,NA,NA,NA,NA
40_ACM_2,40.ACM.2,42.4115,40,2,15,1,ACM,6/30/21,NA,NA,NA,NA,NA,421.6172307,-8.09717E-06,NA,NA,0.727,NA,NA,NA,NA,NA,NA,NA,NA,NA,NA,NA,NA,NA,NA,NA,NA,NA,NA,NA,22.96,28.57,10.6,NA,NA,NA,NA,NA,NA,NA,NA,NA
40_ACM_3,40.ACM.3,20.922,40,3,22,1,ACM,6/30/21,NA,NA,NA,NA,NA,2617.668754,0.003724772,NA,NA,0.73,NA,NA,NA,NA,NA,NA,NA,NA,NA,NA,NA,NA,NA,NA,NA,NA,NA,NA,NA,23.17,29.12,10.1,NA,NA,NA,NA,NA,NA,NA,0.741544306,46.36876091
40_ACM_4,40.ACM.4,25.712,40,4,29,1,ACM,6/30/21,NA,NA,NA,NA,NA,634.8107357,4.2887E-05,NA,NA,0.728,NA,NA,NA,NA,NA,NA,NA,NA,NA,NA,NA,NA,NA,NA,NA,NA,NA,NA,NA,22.64,28.65,9.8,NA,NA,NA,NA,NA,NA,NA,NA,NA
40_ACM_5,40.ACM.5,17.7265,40,5,36,1,ACM,6/30/21,NA,NA,NA,NA,NA,599.1217697,0.001500168,NA,NA,0.735,NA,NA,NA,NA,NA,NA,NA,NA,NA,NA,NA,NA,NA,NA,NA,NA,NA,NA,NA,22.64,28.8,9.7,NA,NA,NA,NA,NA,NA,NA,NA,NA
40_ACM_6,40.ACM.6,3.328,40,6,43,1,ACM,6/30/21,NA,NA,NA,NA,NA,156.4384231,0.00429627,NA,NA,0.739,NA,NA,NA,NA,NA,NA,NA,NA,NA,NA,NA,NA,NA,NA,NA,NA,NA,NA,NA,21.36,28.78,9.7,NA,NA,NA,NA,NA,NA,NA,NA,NA
40_ACM_7,40.ACM.7,16.2875,40,7,50,1,ACM,6/30/21,NA,NA,NA,NA,NA,919.5412378,0.01541809,NA,NA,0.8,NA,NA,NA,NA,NA,NA,NA,NA,NA,NA,NA,NA,NA,NA,NA,NA,NA,NA,NA,19.7,28.05,10.2,NA,NA,NA,NA,NA,NA,NA,NA,NA
40_ACM_8,40.ACM.8,18.215,40,8,55,1,ACM,6/30/21,NA,LB,8.5,4,-1,605.0479812,0.001974866,2.560042715,1.096627018,0.786,0.635783765,0.01304755,0.49402861,2.01,0.31,2.09,0.4,11.59,2.35,1.44496868,46.37839266,0.187514722,46.41454936,-0.050308568,44.9312911,0.200193601,45.47889852,0.096663909,41.09699392,22.43,28.52,10.4,123.5626379,66786.6056,61324.54908,94350.29803,2550.041102,0.026959214,6568.015152,NA,NA
NA,NA,NA,46,0,1,3,ACM,6/30/21,NA,NA,2.222,3,NA,0.760028508,-0.000111361,NA,NA,NA,NA,NA,NA,NA,NA,NA,NA,NA,NA,NA,NA,NA,NA,NA,NA,NA,NA,NA,NA,6.65,14.54,5.0,NA,NA,NA,NA,NA,NA,NA,NA,NA
46_ACM_1,46.ACM.1,46.8815,46,1,8,3,ACM,6/30/21,NA,NA,NA,NA,NA,190.3256205,-4.66985E-05,NA,NA,NA,NA,NA,NA,NA,NA,NA,NA,NA,NA,NA,NA,NA,NA,NA,NA,NA,NA,NA,NA,15.29,17.44,5.7,NA,NA,NA,NA,NA,NA,NA,NA,NA
46_ACM_2,46.ACM.2,1.0615,46,2,15,3,ACM,6/30/21,NA,NA,NA,NA,NA,3605.749487,0.001842491,NA,NA,NA,NA,NA,NA,NA,NA,NA,NA,NA,NA,NA,NA,NA,NA,NA,NA,NA,NA,NA,NA,12.58,16.72,4.8,NA,NA,NA,NA,NA,NA,NA,NA,NA
46_ACM_3,46.ACM.3,2.187,46,3,22,3,ACM,6/30/21,NA,NA,NA,NA,NA,2772.848899,0.0020696,NA,NA,NA,NA,NA,NA,NA,NA,NA,NA,NA,NA,NA,NA,NA,NA,NA,NA,NA,NA,NA,NA,12.24,17.2,5.1,NA,NA,NA,NA,NA,NA,NA,0.33470571,46.23777819
46_ACM_4,46.ACM.4,2.038,46,4,29,3,ACM,6/30/21,NA,NA,NA,NA,NA,1200.278015,0.000611737,NA,NA,NA,NA,NA,NA,NA,NA,NA,NA,NA,NA,NA,NA,NA,NA,NA,NA,NA,NA,NA,NA,12.46,16.19,5.1,NA,NA,NA,NA,NA,NA,NA,NA,NA
46_ACM_5,46.ACM.5,10.3255,46,5,36,3,ACM,6/30/21,NA,NA,NA,NA,NA,1983.043646,0.000944166,NA,NA,NA,NA,NA,NA,NA,NA,NA,NA,NA,NA,NA,NA,NA,NA,NA,NA,NA,NA,NA,NA,13.34,17.14,6.2,NA,NA,NA,NA,NA,NA,NA,0.475488484,45.71877337
46_ACM_6,46.ACM.6,17.79,46,6,43,3,ACM,6/30/21,NA,NA,NA,NA,NA,490.262947,0.018641028,NA,NA,NA,NA,NA,NA,NA,NA,NA,NA,NA,NA,NA,NA,NA,NA,NA,NA,NA,NA,NA,NA,10.29,15.07,4.9,NA,NA,NA,NA,NA,NA,NA,NA,NA
46_ACM_7,46.ACM.7,8.4375,46,7,50,3,ACM,6/30/21,NA,NA,NA,NA,NA,638.682761,0.013465438,NA,NA,NA,NA,NA,NA,NA,NA,NA,NA,NA,NA,NA,NA,NA,NA,NA,NA,NA,NA,NA,NA,13.81,16.15,5.0,NA,NA,NA,NA,NA,NA,NA,NA,NA
46_ACM_8,46.ACM.8,27.58,46,8,55,3,ACM,6/30/21,NA,LB,8,1,-2,2142.103929,0.001927774,NA,NA,NA,0.742265015,0.037875316,0.368530882,0.64,0.12,NA,NA,5.88,1.51,2.226275305,46.40546175,NA,NA,-0.154584212,45.30814504,0.168157654,48.11571264,0.419741468,44.55315923,13.71,17.05,5.6,72.0987728,36111.35789,31792.5304,46152.76991,1321.684651,0.039344173,13024.05533,NA,NA
NA,NA,NA,50,0,1,3,ACM,7/7/21,NA,NA,5,5,NA,50.030763,6.24629E-06,NA,NA,NA,NA,NA,NA,NA,NA,NA,NA,NA,NA,NA,NA,NA,NA,NA,NA,NA,NA,NA,NA,4.36,13.5,7.8,NA,NA,NA,NA,NA,NA,NA,NA,NA
50_ACM_1_R,50.ACM.1.R,3.474,50,1,8,3,ACM,7/7/21,NA,NA,NA,NA,NA,403.9508968,-2.13997E-05,NA,NA,0.806,NA,NA,NA,NA,NA,NA,NA,NA,NA,NA,NA,NA,NA,NA,NA,NA,NA,NA,NA,19.86,26.2,9.3,NA,NA,NA,NA,NA,NA,NA,NA,NA
50_ACM_2,50.ACM.2,6.457,50,2,15,3,ACM,7/7/21,NA,NA,NA,NA,NA,3516.695353,0.002472721,NA,NA,0.792,NA,NA,NA,NA,NA,NA,NA,NA,NA,NA,NA,NA,NA,NA,NA,NA,NA,NA,NA,20.31,26.25,10.9,NA,NA,NA,NA,NA,NA,NA,NA,NA
50_ACM_3,50.ACM.3,10.182,50,3,22,3,ACM,7/7/21,NA,NA,NA,NA,NA,1414.798973,0.000184911,NA,NA,0.788,NA,NA,NA,NA,NA,NA,NA,NA,NA,NA,NA,NA,NA,NA,NA,NA,NA,NA,NA,21.85,27.26,10.6,NA,NA,NA,NA,NA,NA,NA,0.358667254,45.61984301
50_ACM_4,50.ACM.4,14.043,50,4,29,3,ACM,7/7/21,NA,NA,NA,NA,NA,1579.100571,0.002446576,NA,NA,0.793,NA,NA,NA,NA,NA,NA,NA,NA,NA,NA,NA,NA,NA,NA,NA,NA,NA,NA,NA,24.18,26.39,10.6,NA,NA,NA,NA,NA,NA,NA,NA,NA
50_ACM_5,50.ACM.5,25.493,50,5,36,3,ACM,7/7/21,NA,NA,NA,NA,NA,624.9765581,0.00903364,NA,NA,0.781,NA,NA,NA,NA,NA,NA,NA,NA,NA,NA,NA,NA,NA,NA,NA,NA,NA,NA,NA,22.31,26.05,10.8,NA,NA,NA,NA,NA,NA,NA,0.408829987,45.1882062
50_ACM_6,50.ACM.6,4.0225,50,6,43,3,ACM,7/7/21,NA,NA,NA,NA,NA,1141.956969,0.014022122,NA,NA,0.78,NA,NA,NA,NA,NA,NA,NA,NA,NA,NA,NA,NA,NA,NA,NA,NA,NA,NA,NA,22.83,25.74,11.2,NA,NA,NA,NA,NA,NA,NA,NA,NA
50_ACM_7,50.ACM.7,5.9225,50,7,50,3,ACM,7/7/21,NA,NA,8.5,NA,NA,641.0767056,0.006967428,NA,NA,0.759,NA,NA,NA,NA,NA,NA,NA,NA,NA,NA,NA,NA,NA,NA,NA,NA,NA,NA,NA,23.02,27.23,11.6,NA,NA,NA,NA,NA,NA,NA,NA,NA
50_ACM_8,50.ACM.8,2.1915,50,8,55,3,ACM,7/7/21,6.9,LB,,5,0,1535.581778,0.020119949,1.839133109,1.5056596,0.791,0.79586068,0.048919211,0.33030506,2.21,0.27,1.58,0.28,11.24,2.03,2.182603697,46.54211946,0.245305597,46.79094554,NA,NA,NA,NA,NA,NA,23.12,26.61,11.4,148.28694,NA,58979.77871,84948.9937,2451.312157,0.055232193,10908.16857,NA,NA
NA,NA,NA,3,0,1,1,CommA,6/23/21,NA,NA,6.67,5,NA,472.8351092,0.00053859,NA,NA,NA,NA,NA,NA,NA,NA,NA,NA,NA,NA,NA,NA,NA,NA,NA,NA,NA,NA,NA,NA,NA,NA,NA,NA,NA,NA,NA,NA,NA,NA,NA,NA
3_M01_1,3.M01.1,59.074,3,1,8,1,CommA,6/23/21,NA,NA,NA,NA,NA,2416.632154,0.000601687,NA,NA,0.728,NA,NA,NA,NA,NA,NA,NA,NA,NA,NA,NA,NA,NA,NA,NA,NA,NA,NA,NA,21.82,24.47,9.1,NA,NA,NA,NA,NA,NA,NA,NA,NA
3_M01_2,3.M01.2,52.8965,3,2,15,1,CommA,6/23/21,NA,NA,NA,NA,NA,1430.30303,0.006477999,NA,NA,0.719,NA,NA,NA,NA,NA,NA,NA,NA,NA,NA,NA,NA,NA,NA,NA,NA,NA,NA,NA,20.54,24.66,9.9,NA,NA,NA,NA,NA,NA,NA,NA,NA
3_M01_3,3.M01.3,42.1915,3,3,22,1,CommA,6/23/21,NA,NA,NA,NA,NA,921.6685418,0.010460189,NA,NA,0.686,NA,NA,NA,NA,NA,NA,NA,NA,NA,NA,NA,NA,NA,NA,NA,NA,NA,NA,NA,21.51,25.65,9.0,NA,NA,NA,NA,NA,NA,NA,0.577436149,46.22351123
3_M01_4,3.M01.4,26.222,3,4,29,1,CommA,6/23/21,NA,NA,NA,NA,NA,3819.115116,0.008452143,NA,NA,0.655,NA,NA,NA,NA,NA,NA,NA,NA,NA,NA,NA,NA,NA,NA,NA,NA,NA,NA,NA,16.73,21.62,9.7,NA,NA,NA,NA,NA,NA,NA,NA,NA
3_M01_5,3.M01.5,43.922,3,5,36,1,CommA,6/23/21,NA,NA,NA,NA,NA,2320.209581,0.006695975,NA,NA,0.653,NA,NA,NA,NA,NA,NA,NA,NA,NA,NA,NA,NA,NA,NA,NA,NA,NA,NA,NA,22.3,23.6,9.5,NA,NA,NA,NA,NA,NA,NA,0.37441647,46.43291903
3_M01_6,3.M01.6,21.578,3,6,43,1,CommA,6/23/21,NA,NA,NA,NA,NA,2080.187183,0.005190669,NA,NA,0.662,NA,NA,NA,NA,NA,NA,NA,NA,NA,NA,NA,NA,NA,NA,NA,NA,NA,NA,NA,21.05,24.39,9.5,NA,NA,NA,NA,NA,NA,NA,NA,NA
3_M01_7,3.M01.7,22.2255,3,7,50,1,CommA,6/23/21,NA,NA,NA,NA,NA,1218.103394,0.015072517,NA,NA,0.656,NA,NA,NA,NA,NA,NA,NA,NA,NA,NA,NA,NA,NA,NA,NA,NA,NA,NA,NA,20.73,25.36,9.5,NA,NA,NA,NA,NA,NA,NA,NA,NA
3_M01_8,3.M01.8,67.93,3,8,55,1,CommA,6/23/21,6.3,LB,7,8,3,4848.738878,0.067404647,0.853190966,1.999492582,0.615,0.28507571,0.007617646,0.778686058,1.36,0.23,1.21,0.21,14.45,3.28,1.172071675,47.46050783,0.3590191,46.48120356,-0.206406159,46.18456411,0.118875937,47.50455617,-0.001988037,45.00505208,20.57,24.15,9.9,-197.1544033,63733.6417,87422.55605,NA,3650.821269,0.120894415,19527.79299,NA,NA
NA,NA,NA,10,0,1,1,CommA,6/23/21,NA,NA,10,8,NA,341.3219914,-9.12487E-05,NA,NA,NA,NA,NA,NA,NA,NA,NA,NA,NA,NA,NA,NA,NA,NA,NA,NA,NA,NA,NA,NA,NA,NA,NA,NA,NA,NA,NA,NA,NA,NA,NA,NA
10_M01_1,10.M01.1,27.459,10,1,8,1,CommA,6/23/21,NA,NA,NA,NA,NA,1196.469099,0.000723323,NA,NA,0.775,NA,NA,NA,NA,NA,NA,NA,NA,NA,NA,NA,NA,NA,NA,NA,NA,NA,NA,NA,17.11,25.06,12.5,NA,NA,NA,NA,NA,NA,NA,NA,NA
10_M01_2,10.M01.2,37.002,10,2,15,1,CommA,6/23/21,NA,NA,NA,NA,NA,1281.494551,0.001923858,NA,NA,0.764,NA,NA,NA,NA,NA,NA,NA,NA,NA,NA,NA,NA,NA,NA,NA,NA,NA,NA,NA,20.06,28.46,12.2,NA,NA,NA,NA,NA,NA,NA,NA,NA
10_M01_3,10.M01.3,41.479,10,3,22,1,CommA,6/23/21,NA,NA,NA,NA,NA,2065.697319,3.21959E-05,NA,NA,0.766,NA,NA,NA,NA,NA,NA,NA,NA,NA,NA,NA,NA,NA,NA,NA,NA,NA,NA,NA,19.44,28.29,10.5,NA,NA,NA,NA,NA,NA,NA,1.120344102,46.33709892
10_M01_4,10.M01.4,34.857,10,4,29,1,CommA,6/23/21,NA,NA,NA,NA,NA,2711.465309,0.002012737,NA,NA,0.756,NA,NA,NA,NA,NA,NA,NA,NA,NA,NA,NA,NA,NA,NA,NA,NA,NA,NA,NA,16.7,27.4,12.3,NA,NA,NA,NA,NA,NA,NA,NA,NA
10_M01_5,10.M01.5,33.5265,10,5,36,1,CommA,6/23/21,NA,NA,NA,NA,NA,1494.295338,0.001869724,NA,NA,0.76,NA,NA,NA,NA,NA,NA,NA,NA,NA,NA,NA,NA,NA,NA,NA,NA,NA,NA,NA,17.5,26.18,12.5,NA,NA,NA,NA,NA,NA,NA,1.441383779,46.99756035
10_M01_6,10.M01.6,15.9605,10,6,43,1,CommA,6/23/21,NA,NA,NA,NA,NA,881.9176857,0.00998534,NA,NA,0.752,NA,NA,NA,NA,NA,NA,NA,NA,NA,NA,NA,NA,NA,NA,NA,NA,NA,NA,NA,18.89,27.37,12.1,NA,NA,NA,NA,NA,NA,NA,NA,NA
10_M01_7,10.M01.7,10.723,10,7,50,1,CommA,6/23/21,NA,NA,NA,NA,NA,568.5236436,NA,NA,NA,0.746,NA,NA,NA,NA,NA,NA,NA,NA,NA,NA,NA,NA,NA,NA,NA,NA,NA,NA,NA,19.5,26.54,12.0,NA,NA,NA,NA,NA,NA,NA,NA,NA
10_M01_8,10.M01.8,56.8125,10,8,55,1,CommA,6/23/21,5.4,DB,9.5,7,-1,1312.48287,0.073463393,1.534886889,1.413783679,0.762,0.325442298,0.02022878,0.506121713,2.01,0.32,2.07,0.44,34.12,7.85,1.868676523,46.85018679,0.285165727,46.08753062,-0.017947001,45.20348119,0.329860764,46.93069982,-0.01479779,37.41198491,21.33,27.17,12.1,-252.4093014,38840.01035,48539.09304,NA,2032.979264,0.089919321,11853.66781,NA,NA
NA,NA,NA,13,0,1,1,CommA,6/30/21,NA,NA,8.888,6,NA,1430.091941,9.33342E-05,NA,NA,NA,NA,NA,NA,NA,NA,NA,NA,NA,NA,NA,NA,NA,NA,NA,NA,NA,NA,NA,NA,15.08,22.73,8.8,NA,NA,NA,NA,NA,NA,NA,NA,NA
13_M01_1,13.M01.1,35.724,13,1,8,1,CommA,6/30/21,NA,NA,NA,NA,NA,1927.606705,0.000679953,NA,NA,0.746,NA,NA,NA,NA,NA,NA,NA,NA,NA,NA,NA,NA,NA,NA,NA,NA,NA,NA,NA,18.98,21.05,9.4,NA,NA,NA,NA,NA,NA,NA,NA,NA
13_M01_2,13.M01.2,44.704,13,2,15,1,CommA,6/30/21,NA,NA,NA,NA,NA,1953.082857,0.000212261,NA,NA,0.708,NA,NA,NA,NA,NA,NA,NA,NA,NA,NA,NA,NA,NA,NA,NA,NA,NA,NA,NA,19.3,22.31,9.0,NA,NA,NA,NA,NA,NA,NA,NA,NA
13_M01_3,13.M01.3,49.577,13,3,22,1,CommA,6/30/21,NA,NA,NA,NA,NA,3245.033917,0.001147338,NA,NA,0.705,NA,NA,NA,NA,NA,NA,NA,NA,NA,NA,NA,NA,NA,NA,NA,NA,NA,NA,NA,18.34,21.38,9.8,NA,NA,NA,NA,NA,NA,NA,0.618911683,46.68275627
13_M01_4,13.M01.4,35.779,13,4,29,1,CommA,6/30/21,NA,NA,NA,NA,NA,1454.073995,0.002575291,NA,NA,0.716,NA,NA,NA,NA,NA,NA,NA,NA,NA,NA,NA,NA,NA,NA,NA,NA,NA,NA,NA,17.61,22.23,9.1,NA,NA,NA,NA,NA,NA,NA,NA,NA
13_M01_5,13.M01.5,12.6805,13,5,36,1,CommA,6/30/21,NA,NA,NA,NA,NA,1554.108022,0.001032295,NA,NA,0.703,NA,NA,NA,NA,NA,NA,NA,NA,NA,NA,NA,NA,NA,NA,NA,NA,NA,NA,NA,17.25,19.81,8.9,NA,NA,NA,NA,NA,NA,NA,0.505732238,46.90328774
13_M01_6,13.M01.6,19.833,13,6,43,1,CommA,6/30/21,NA,NA,NA,NA,NA,771.4370552,0.067477578,NA,NA,0.655,NA,NA,NA,NA,NA,NA,NA,NA,NA,NA,NA,NA,NA,NA,NA,NA,NA,NA,NA,18.92,22.12,9.4,NA,NA,NA,NA,NA,NA,NA,NA,NA
13_M01_7,13.M01.7,22.48,13,7,50,1,CommA,6/30/21,NA,NA,NA,NA,NA,1527.212772,0.098988637,NA,NA,0.679,NA,NA,NA,NA,NA,NA,NA,NA,NA,NA,NA,NA,NA,NA,NA,NA,NA,NA,NA,16.96,19.91,9.2,NA,NA,NA,NA,NA,NA,NA,NA,NA
13_M01_8,13.M01.8,46.3875,13,8,55,1,CommA,6/30/21,NA,LB,10,6,0,1753.956907,0.001558791,1.019629508,0.82622655,0.69,0.690097955,0.058883753,0.274241479,1.17,0.23,1.21,0.25,NA,NA,1.581738094,46.25324388,0.362023174,46.43354655,NA,NA,NA,NA,NA,NA,21.34,23.38,8.9,97.0804464,67665.15202,55601.53962,65705.30752,2312.685799,0.173765479,15616.60417,NA,NA
NA,NA,NA,15,0,1,1,CommA,7/21/21,NA,NA,3.333,7,NA,3182.585805,0.000104303,NA,NA,NA,NA,NA,NA,NA,NA,NA,NA,NA,NA,NA,NA,NA,NA,NA,NA,NA,NA,NA,NA,NA,NA,NA,NA,NA,NA,NA,NA,NA,NA,NA,NA
15_M01_1,15.M01.1,6.127,15,1,8,1,CommA,7/21/21,NA,NA,NA,NA,NA,2606.452096,0.000109992,NA,NA,0.69,NA,NA,NA,NA,NA,NA,NA,NA,NA,NA,NA,NA,NA,NA,NA,NA,NA,NA,NA,NA,NA,NA,NA,NA,NA,NA,NA,NA,NA,NA,NA
15_M01_2,15.M01.2,29.268,15,2,15,1,CommA,7/21/21,NA,NA,NA,NA,NA,1953.198649,0.000865125,NA,NA,0.692,NA,NA,NA,NA,NA,NA,NA,NA,NA,NA,NA,NA,NA,NA,NA,NA,NA,NA,NA,NA,NA,NA,NA,NA,NA,NA,NA,NA,NA,NA,NA
15_M01_3,15.M01.3,26.9005,15,3,22,1,CommA,7/21/21,NA,NA,NA,NA,NA,1096.899419,0.006765538,NA,NA,0.722,NA,NA,NA,NA,NA,NA,NA,NA,NA,NA,NA,NA,NA,NA,NA,NA,NA,NA,NA,NA,NA,NA,NA,NA,NA,NA,NA,NA,NA,0.531147301,46.12450584
15_M01_4,15.M01.4,57.3825,15,4,29,1,CommA,7/21/21,NA,NA,NA,NA,NA,1209.611806,0.004266846,NA,NA,0.711,NA,NA,NA,NA,NA,NA,NA,NA,NA,NA,NA,NA,NA,NA,NA,NA,NA,NA,NA,NA,NA,NA,NA,NA,NA,NA,NA,NA,NA,NA,NA
15_M01_5,15.M01.5,24.8975,15,5,36,1,CommA,7/21/21,NA,NA,NA,NA,NA,842.2502034,0.006426408,NA,NA,0.693,NA,NA,NA,NA,NA,NA,NA,NA,NA,NA,NA,NA,NA,NA,NA,NA,NA,NA,NA,NA,NA,NA,NA,NA,NA,NA,NA,NA,NA,0.80420953,47.00745949
15_M01_6,15.M01.6,18.9375,15,6,43,1,CommA,7/21/21,NA,NA,NA,NA,NA,1269.951341,0.004735069,NA,NA,0.7,NA,NA,NA,NA,NA,NA,NA,NA,NA,NA,NA,NA,NA,NA,NA,NA,NA,NA,NA,NA,NA,NA,NA,NA,NA,NA,NA,NA,NA,NA,NA
15_M01_7,15.M01.7,19.4175,15,7,50,1,CommA,7/21/21,NA,NA,NA,NA,NA,NA,NA,NA,NA,0.673,NA,NA,NA,NA,NA,NA,NA,NA,NA,NA,NA,NA,NA,NA,NA,NA,NA,NA,NA,NA,NA,NA,NA,NA,NA,NA,NA,NA,NA,NA,NA
15_M01_8,15.M01.8,8.2795,15,8,55,1,CommA,7/21/21,6,DB,14.5,8,1,594.0018674,0.03663009,1.49,1.38,0.712,0.241394973,5.45729E-05,0.578295534,2.18,0.39,3.07,0.51,NA,NA,1.034708241,47.16241213,0.224981546,46.68281413,NA,NA,NA,NA,NA,NA,NA,NA,NA,-322.4019376,30124.63708,49489.3792,72423.86237,2075.490881,0.059903371,12754.95119,NA,NA
NA,NA,NA,17,0,1,1,CommA,7/14/21,NA,NA,4.444,6,NA,1449.220267,8.6177E-05,3.02642606,NA,NA,NA,NA,NA,NA,NA,NA,NA,NA,NA,NA,NA,NA,NA,NA,NA,NA,NA,NA,NA,4.19,13.15,11.0,NA,NA,NA,NA,NA,NA,NA,NA,NA
17_M01_1,17.M01.1,26.8395,17,1,8,1,CommA,7/14/21,NA,NA,NA,NA,NA,7402.247646,0.000929145,NA,NA,0.776,NA,NA,NA,NA,NA,NA,NA,NA,NA,NA,NA,NA,NA,NA,NA,NA,NA,NA,NA,18.75,29.37,9.1,NA,NA,NA,NA,NA,NA,NA,NA,NA
17_M01_2,17.M01.2,72.9415,17,2,15,1,CommA,7/14/21,NA,NA,NA,NA,NA,351.1494867,0.000186055,NA,NA,0.766,NA,NA,NA,NA,NA,NA,NA,NA,NA,NA,NA,NA,NA,NA,NA,NA,NA,NA,NA,22.16,30.43,10.0,NA,NA,NA,NA,NA,NA,NA,NA,NA
NA,NA,NA,17,3,22,1,CommA,7/14/21,NA,NA,NA,NA,NA,1047.721504,0.001162011,NA,NA,0.747,NA,NA,NA,NA,NA,NA,NA,NA,NA,NA,NA,NA,NA,NA,NA,NA,NA,NA,NA,23.46,29.77,9.9,NA,NA,NA,NA,NA,NA,NA,0.160117149,46.0863665
17_M01_4,17.M01.4,10.8705,17,4,29,1,CommA,7/14/21,NA,NA,NA,NA,NA,1319.966244,0.004536478,NA,NA,0.758,NA,NA,NA,NA,NA,NA,NA,NA,NA,NA,NA,NA,NA,NA,NA,NA,NA,NA,NA,24.04,29.83,10.9,NA,NA,NA,NA,NA,NA,NA,NA,NA
17_M01_5,17.M01.5,32.2825,17,5,36,1,CommA,7/14/21,NA,NA,NA,NA,NA,1156.257142,0.003937236,NA,NA,0.748,NA,NA,NA,NA,NA,NA,NA,NA,NA,NA,NA,NA,NA,NA,NA,NA,NA,NA,NA,24.6,29.67,9.9,NA,NA,NA,NA,NA,NA,NA,0.224226117,45.99247536
17_M01_6,17.M01.6,35.5115,17,6,43,1,CommA,7/14/21,NA,NA,NA,NA,NA,818.7117221,0.005536742,NA,NA,0.752,NA,NA,NA,NA,NA,NA,NA,NA,NA,NA,NA,NA,NA,NA,NA,NA,NA,NA,NA,23.01,29.49,10.3,NA,NA,NA,NA,NA,NA,NA,NA,NA
17_M01_7,17.M01.7,19.745,17,7,50,1,CommA,7/14/21,NA,NA,NA,NA,NA,761.6437816,0.005213393,NA,NA,0.735,NA,NA,NA,NA,NA,NA,NA,NA,NA,NA,NA,NA,NA,NA,NA,NA,NA,NA,NA,23.81,29.61,10.0,NA,NA,NA,NA,NA,NA,NA,NA,NA
17_M01_8,17.M01.8,28.5365,17,8,55,1,CommA,7/14/21,6,LB,10.5,6,0,1114.219327,0.005863346,1.694267843,1.519248383,0.745,0.433979094,0.00331649,0.795268557,NA,0.43,NA,0.36,NA,NA,1.482236723,45.94002291,0.152739465,46.48281718,NA,NA,NA,NA,NA,NA,23.01,29.02,10.6,653.3207455,26503.45791,81906.6646,107156.7646,3385.555994,0.027450581,15421.13712,NA,NA
NA,NA,NA,24,0,1,1,CommA,7/7/21,NA,NA,2.222,4,NA,1000.936797,0.000159132,NA,NA,NA,NA,NA,NA,NA,NA,NA,NA,NA,NA,NA,NA,NA,NA,NA,NA,NA,NA,NA,NA,3.01,9.31,5.5,NA,NA,NA,NA,NA,NA,NA,NA,NA
NA,NA,NA,24,1,8,1,CommA,7/7/21,NA,NA,NA,NA,NA,2145.346579,0.000156931,NA,NA,0.8,NA,NA,NA,NA,NA,NA,NA,NA,NA,NA,NA,NA,NA,NA,NA,NA,NA,NA,NA,12.09,18.82,7.5,NA,NA,NA,NA,NA,NA,NA,NA,NA
24_M01_2,24.M01.2,60.5245,24,2,15,1,CommA,7/7/21,NA,NA,NA,NA,NA,2952.649011,0.000443064,NA,NA,0.798,NA,NA,NA,NA,NA,NA,NA,NA,NA,NA,NA,NA,NA,NA,NA,NA,NA,NA,NA,17.75,21.96,7.6,NA,NA,NA,NA,NA,NA,NA,NA,NA
24_M01_3,24.M01.3,46.4895,24,3,22,1,CommA,7/7/21,NA,NA,NA,NA,NA,4193.413174,0.000828119,NA,NA,0.791,NA,NA,NA,NA,NA,NA,NA,NA,NA,NA,NA,NA,NA,NA,NA,NA,NA,NA,NA,20.31,20.4,7.8,NA,NA,NA,NA,NA,NA,NA,0.371543944,46.18735298
24_M01_4,24.M01.4,20.8205,24,4,29,1,CommA,7/7/21,NA,NA,NA,NA,NA,2497.319162,0.006311841,NA,NA,0.808,NA,NA,NA,NA,NA,NA,NA,NA,NA,NA,NA,NA,NA,NA,NA,NA,NA,NA,NA,18.2,20.94,8.0,NA,NA,NA,NA,NA,NA,NA,NA,NA
24_M01_5,24.M01.5,51.723,24,5,36,1,CommA,7/7/21,NA,NA,NA,NA,NA,1347.221354,0.006457791,NA,NA,0.799,NA,NA,NA,NA,NA,NA,NA,NA,NA,NA,NA,NA,NA,NA,NA,NA,NA,NA,NA,18.92,19.67,7.9,NA,NA,NA,NA,NA,NA,NA,0.487583816,46.78076347
24_M01_6,24.M01.6,51.24,24,6,43,1,CommA,7/7/21,NA,NA,NA,NA,NA,1161.317705,0.007591517,NA,NA,0.799,NA,NA,NA,NA,NA,NA,NA,NA,NA,NA,NA,NA,NA,NA,NA,NA,NA,NA,NA,18.82,21.51,8.1,NA,NA,NA,NA,NA,NA,NA,NA,NA
24_M01_7,24.M01.7,23.6115,24,7,50,1,CommA,7/7/21,NA,NA,NA,NA,NA,711.2167545,0.036355392,NA,NA,0.8,NA,NA,NA,NA,NA,NA,NA,NA,NA,NA,NA,NA,NA,NA,NA,NA,NA,NA,NA,19.01,19.07,8.0,NA,NA,NA,NA,NA,NA,NA,NA,NA
24_M01_8,24.M01.8,64.949,24,8,55,1,CommA,7/7/21,6.3,LB,14,4,0,4712.751416,0.021720997,1.874326835,1.872387341,0.79,0.573119336,0.039915062,0.399737866,1.3,0.23,1.53,0.26,6.11,1.45,1.770203928,46.30872866,0.287721395,45.73593379,-0.04494266,44.7786231,-0.015301628,45.8825736,0.04483326,45.91010427,20.01,21.13,8.5,-218.9660221,NA,72961.0196,83653.70593,3049.166068,0.080024783,20722.17195,NA,NA
NA,NA,NA,29,0,1,1,CommA,7/21/21,NA,NA,1.111,4,NA,4773.919206,0.000627541,NA,NA,NA,NA,NA,NA,NA,NA,NA,NA,NA,NA,NA,NA,NA,NA,NA,NA,NA,NA,NA,NA,2.27,6.26,5.8,NA,NA,NA,NA,NA,NA,NA,NA,NA
NA,NA,NA,29,1,8,1,CommA,7/21/21,NA,NA,NA,NA,NA,1605.913174,0.000109019,NA,NA,0.788,NA,NA,NA,NA,NA,NA,NA,NA,NA,NA,NA,NA,NA,NA,NA,NA,NA,NA,NA,9.66,13.51,8.5,NA,NA,NA,NA,NA,NA,NA,NA,NA
NA,NA,NA,29,2,15,1,CommA,7/21/21,NA,NA,NA,NA,NA,1352.86254,-0.000290749,NA,NA,0.785,NA,NA,NA,NA,NA,NA,NA,NA,NA,NA,NA,NA,NA,NA,NA,NA,NA,NA,NA,11.04,13.91,6.7,NA,NA,NA,NA,NA,NA,NA,NA,NA
NA,NA,NA,29,3,22,1,CommA,7/21/21,NA,NA,NA,NA,NA,1501.125211,0.00468163,NA,NA,0.774,NA,NA,NA,NA,NA,NA,NA,NA,NA,NA,NA,NA,NA,NA,NA,NA,NA,NA,NA,10.97,13.12,7.5,NA,NA,NA,NA,NA,NA,NA,0.832267224,46.26580859
NA,NA,NA,29,4,29,1,CommA,7/21/21,NA,NA,NA,NA,NA,1209.886056,0.00792982,NA,NA,0.771,NA,NA,NA,NA,NA,NA,NA,NA,NA,NA,NA,NA,NA,NA,NA,NA,NA,NA,NA,11.61,13.6,7.5,NA,NA,NA,NA,NA,NA,NA,NA,NA
NA,NA,NA,29,5,36,1,CommA,7/21/21,NA,NA,NA,NA,NA,1549.830828,0.006665626,NA,NA,0.763,NA,NA,NA,NA,NA,NA,NA,NA,NA,NA,NA,NA,NA,NA,NA,NA,NA,NA,NA,12.93,12.42,7.9,NA,NA,NA,NA,NA,NA,NA,1.517100036,47.48948718
NA,NA,NA,29,6,43,1,CommA,7/21/21,NA,NA,NA,NA,NA,1170.386714,0.001607088,NA,NA,0.792,NA,NA,NA,NA,NA,NA,NA,NA,NA,NA,NA,NA,NA,NA,NA,NA,NA,NA,NA,9.72,13.08,5.0,NA,NA,NA,NA,NA,NA,NA,NA,NA
NA,NA,NA,29,7,50,1,CommA,7/21/21,NA,NA,NA,NA,NA,NA,NA,NA,NA,0.777,NA,NA,NA,NA,NA,NA,NA,NA,NA,NA,NA,NA,NA,NA,NA,NA,NA,NA,NA,10.77,12.05,7.2,NA,NA,NA,NA,NA,NA,NA,NA,NA
NA,NA,NA,29,8,55,1,CommA,7/21/21,5.7,LB,15,3,-1,1294.204793,0.011916361,NA,1.34,0.789,0.699906103,0.033903255,0.328602371,0.64,0.1,NA,NA,NA,NA,1.494400124,46.98496386,NA,NA,NA,NA,NA,NA,NA,NA,13.43,12.68,6.5,-253.2779826,12820.76294,32466.11017,42783.31284,1363.30784,0.033246336,14458.12852,NA,NA
NA,NA,NA,34,0,1,1,CommA,7/7/21,NA,NA,3.33,4,NA,1647.5718,7.58478E-05,NA,NA,NA,NA,NA,NA,NA,NA,NA,NA,NA,NA,NA,NA,NA,NA,NA,NA,NA,NA,NA,NA,2.98,9.4,8.6,NA,NA,NA,NA,NA,NA,NA,NA,NA
34_M01_1,34.M01.1,36.489,34,1,8,1,CommA,7/7/21,NA,NA,NA,NA,NA,3640.934569,0.001232312,NA,NA,0.76,NA,NA,NA,NA,NA,NA,NA,NA,NA,NA,NA,NA,NA,NA,NA,NA,NA,NA,NA,17.95,26.02,11.4,NA,NA,NA,NA,NA,NA,NA,NA,NA
34_M01_2,34.M01.2,47.1945,34,2,15,1,CommA,7/7/21,NA,NA,NA,NA,NA,5788.903513,0.001012636,NA,NA,0.766,NA,NA,NA,NA,NA,NA,NA,NA,NA,NA,NA,NA,NA,NA,NA,NA,NA,NA,NA,20.09,26.01,11.0,NA,NA,NA,NA,NA,NA,NA,NA,NA
34_M01_3,34.M01.3,45.9365,34,3,22,1,CommA,7/7/21,NA,NA,NA,NA,NA,1090.590248,0.000227238,NA,NA,0.748,NA,NA,NA,NA,NA,NA,NA,NA,NA,NA,NA,NA,NA,NA,NA,NA,NA,NA,NA,23.24,24.77,9.6,NA,NA,NA,NA,NA,NA,NA,0.56469506,45.40982994
34_M01_4,34.M01.4,16.053,34,4,29,1,CommA,7/7/21,NA,NA,NA,NA,NA,1238.17778,0.001411488,NA,NA,0.763,NA,NA,NA,NA,NA,NA,NA,NA,NA,NA,NA,NA,NA,NA,NA,NA,NA,NA,NA,22.52,25.87,10.6,NA,NA,NA,NA,NA,NA,NA,NA,NA
34_M01_5,34.M01.5,12.068,34,5,36,1,CommA,7/7/21,NA,NA,NA,NA,NA,1014.127649,0.006598043,NA,NA,0.754,NA,NA,NA,NA,NA,NA,NA,NA,NA,NA,NA,NA,NA,NA,NA,NA,NA,NA,NA,21.46,25.84,10.5,NA,NA,NA,NA,NA,NA,NA,NA,NA
34_M01_6,34.M01.6,49.465,34,6,43,1,CommA,7/7/21,NA,NA,NA,NA,NA,1225.805609,0.005586709,NA,NA,0.756,NA,NA,NA,NA,NA,NA,NA,NA,NA,NA,NA,NA,NA,NA,NA,NA,NA,NA,NA,21.26,24.81,10.3,NA,NA,NA,NA,NA,NA,NA,NA,NA
34_M01_7,34.M01.7,7.7765,34,7,50,1,CommA,7/7/21,NA,NA,NA,NA,NA,263.7387346,0.009914743,NA,NA,0.679,NA,NA,NA,NA,NA,NA,NA,NA,NA,NA,NA,NA,NA,NA,NA,NA,NA,NA,NA,23.11,26.15,10.6,NA,NA,NA,NA,NA,NA,NA,NA,NA
34_M01_8,34.M01.8,3.4165,34,8,55,1,CommA,7/7/21,6.3,LB,6,4,0,832.1709859,0.030009193,1.195722082,0.40675785,0.688,0.474984436,0.024939007,0.350519114,2.04,0.35,1.89,0.33,NA,NA,1.382338504,46.47724291,0.341575801,46.21599055,NA,NA,NA,NA,NA,NA,21.86,25.03,10.5,-233.7721069,NA,73068.59426,91111.07237,3054.265265,0.056068211,16742.02089,NA,NA
NA,NA,NA,35,0,1,1,CommA,6/23/21,NA,NA,6.67,4,NA,311.2910888,0.000346077,NA,NA,NA,NA,NA,NA,NA,NA,NA,NA,NA,NA,NA,NA,NA,NA,NA,NA,NA,NA,NA,NA,NA,NA,NA,NA,NA,NA,NA,NA,NA,NA,NA,NA
35_M01_1,35.M01.1,56.0665,35,1,8,1,CommA,6/23/21,NA,NA,NA,NA,NA,1827.921809,0.000420156,NA,NA,0.806,NA,NA,NA,NA,NA,NA,NA,NA,NA,NA,NA,NA,NA,NA,NA,NA,NA,NA,NA,14.43,27.51,9.3,NA,NA,NA,NA,NA,NA,NA,NA,NA
35_M01_2,35.M01.2,47.254,35,2,15,1,CommA,6/23/21,NA,NA,NA,NA,NA,1038.272955,0.002255803,NA,NA,0.8,NA,NA,NA,NA,NA,NA,NA,NA,NA,NA,NA,NA,NA,NA,NA,NA,NA,NA,NA,23.88,29.77,9.9,NA,NA,NA,NA,NA,NA,NA,NA,NA
35_M01_3,35.M01.3,49.3365,35,3,22,1,CommA,6/23/21,NA,NA,NA,NA,NA,1540.272569,0.011455562,NA,NA,0.798,NA,NA,NA,NA,NA,NA,NA,NA,NA,NA,NA,NA,NA,NA,NA,NA,NA,NA,NA,23.66,31.13,9.5,NA,NA,NA,NA,NA,NA,NA,0.589336574,45.52787829
35_M01_4,35.M01.4,28.522,35,4,29,1,CommA,6/23/21,NA,NA,NA,NA,NA,2744.398964,0.012385726,NA,NA,0.798,NA,NA,NA,NA,NA,NA,NA,NA,NA,NA,NA,NA,NA,NA,NA,NA,NA,NA,NA,23.55,30.19,10.5,NA,NA,NA,NA,NA,NA,NA,NA,NA
35_M01_5,35.M01.5,31.837,35,5,36,1,CommA,6/23/21,NA,NA,NA,NA,NA,1684.115697,0.012782137,NA,NA,0.794,NA,NA,NA,NA,NA,NA,NA,NA,NA,NA,NA,NA,NA,NA,NA,NA,NA,NA,NA,23.37,27.61,9.9,NA,NA,NA,NA,NA,NA,NA,0.465304672,46.71708346
35_M01_6,35.M01.6,19.2755,35,6,43,1,CommA,6/23/21,NA,NA,NA,NA,NA,1245.894382,0.007573941,NA,NA,0.815,NA,NA,NA,NA,NA,NA,NA,NA,NA,NA,NA,NA,NA,NA,NA,NA,NA,NA,NA,23.17,29.69,10.4,NA,NA,NA,NA,NA,NA,NA,NA,NA
35_M01_7,35.M01.7,20.189,35,7,50,1,CommA,6/23/21,NA,NA,NA,NA,NA,970.7320123,0.017643427,NA,NA,0.782,NA,NA,NA,NA,NA,NA,NA,NA,NA,NA,NA,NA,NA,NA,NA,NA,NA,NA,NA,22.3,30.66,10.1,NA,NA,NA,NA,NA,NA,NA,NA,NA
35_M01_8,35.M01.8,29.52,35,8,55,1,CommA,6/23/21,6.9,DB,8.5,5,1,1652.567241,0.06656052,1.954907354,1.77,0.759,0.795775129,0.029544623,0.295019672,2.16,0.37,1.61,0.3,NA,NA,1.670871715,47.06712099,0.30135703,46.69175578,NA,NA,NA,NA,NA,NA,23.27,29.7,10.5,-206.5899292,45887.92849,61730.78399,NA,2580.723913,0.131423349,13015.46672,NA,NA
NA,NA,NA,38,0,1,1,CommA,7/7/21,NA,NA,2.222,4,NA,1628.058452,3.86675E-06,NA,NA,NA,NA,NA,NA,NA,NA,NA,NA,NA,NA,NA,NA,NA,NA,NA,NA,NA,NA,NA,NA,3.63,10.32,6.3,NA,NA,NA,NA,NA,NA,NA,NA,NA
NA,NA,NA,38,1,8,1,CommA,7/7/21,NA,NA,NA,NA,NA,1476.977476,4.26065E-05,NA,NA,0.826,NA,NA,NA,NA,NA,NA,NA,NA,NA,NA,NA,NA,NA,NA,NA,NA,NA,NA,NA,20.85,25.06,9.2,NA,NA,NA,NA,NA,NA,NA,NA,NA
38_M01_2,38.M01.2,65.8745,38,2,15,1,CommA,7/7/21,NA,NA,NA,NA,NA,4362.012757,0.001113171,NA,NA,0.81,NA,NA,NA,NA,NA,NA,NA,NA,NA,NA,NA,NA,NA,NA,NA,NA,NA,NA,NA,26.45,27.32,10.1,NA,NA,NA,NA,NA,NA,NA,NA,NA
38_M01_3,38.M01.3,0.439,38,3,22,1,CommA,7/7/21,NA,NA,NA,NA,NA,1522.107571,0.001839323,NA,NA,0.816,NA,NA,NA,NA,NA,NA,NA,NA,NA,NA,NA,NA,NA,NA,NA,NA,NA,NA,NA,24.77,27.72,10.2,NA,NA,NA,NA,NA,NA,NA,0.619432866,46.00626422
38_M01_4,38.M01.4,13.308,38,4,29,1,CommA,7/7/21,NA,NA,NA,NA,NA,1175.651823,0.001225432,NA,NA,0.809,NA,NA,NA,NA,NA,NA,NA,NA,NA,NA,NA,NA,NA,NA,NA,NA,NA,NA,NA,28.1,28.99,10.5,NA,NA,NA,NA,NA,NA,NA,NA,NA
38_M01_5,38.M01.5,6.0305,38,5,36,1,CommA,7/7/21,NA,NA,NA,NA,NA,796.4921994,0.005243383,NA,NA,0.806,NA,NA,NA,NA,NA,NA,NA,NA,NA,NA,NA,NA,NA,NA,NA,NA,NA,NA,NA,24.13,27.74,10.8,NA,NA,NA,NA,NA,NA,NA,0.716748058,47.14177371
38_M01_6,38.M01.6,27.15,38,6,43,1,CommA,7/7/21,NA,NA,NA,NA,NA,947.240477,0.007233167,NA,NA,0.84,NA,NA,NA,NA,NA,NA,NA,NA,NA,NA,NA,NA,NA,NA,NA,NA,NA,NA,NA,27.45,27.85,10.8,NA,NA,NA,NA,NA,NA,NA,NA,NA
38_M01_7,38.M01.7,36.9865,38,7,50,1,CommA,7/7/21,NA,NA,NA,NA,NA,560.2222181,0.031193654,NA,NA,0.808,NA,NA,NA,NA,NA,NA,NA,NA,NA,NA,NA,NA,NA,NA,NA,NA,NA,NA,NA,25.87,28.53,9.5,NA,NA,NA,NA,NA,NA,NA,NA,NA
38_M01_8,38.M01.8,30.8565,38,8,55,1,CommA,7/7/21,6,LB,3,5,1,2544.731777,0.028913174,1.12361338,0.696230393,0.805,0.724435789,0.04404993,0.36514163,2.24,0.36,2.48,0.42,NA,NA,2.215193371,47.43182512,0.475424349,47.05153514,NA,NA,NA,NA,NA,NA,25.13,28.76,10.9,-292.5393782,NA,41775.74839,48997.09854,1752.845324,0.076807778,15013.49475,NA,NA
NA,NA,NA,43,0,1,1,CommA,6/23/21,NA,NA,8.89,7,NA,421.6360209,0.000206979,NA,NA,NA,NA,NA,NA,NA,NA,NA,NA,NA,NA,NA,NA,NA,NA,NA,NA,NA,NA,NA,NA,NA,NA,NA,NA,NA,NA,NA,NA,NA,NA,NA,NA
43_M01_1,43.M01.1,21.2715,43,1,8,1,CommA,6/23/21,NA,NA,NA,NA,NA,1431.251553,0.0006985,NA,NA,0.617,NA,NA,NA,NA,NA,NA,NA,NA,NA,NA,NA,NA,NA,NA,NA,NA,NA,NA,NA,20.38,27.45,9.0,NA,NA,NA,NA,NA,NA,NA,NA,NA
43_M01_2,43.M01.2,22.599,43,2,15,1,CommA,6/23/21,NA,NA,NA,NA,NA,1257.514987,0.0019887,NA,NA,0.636,NA,NA,NA,NA,NA,NA,NA,NA,NA,NA,NA,NA,NA,NA,NA,NA,NA,NA,NA,21.39,27.67,9.5,NA,NA,NA,NA,NA,NA,NA,NA,NA
43_M01_3,43.M01.3,2.697,43,3,22,1,CommA,6/23/21,NA,NA,NA,NA,NA,1658.566751,0.001879506,NA,NA,0.635,NA,NA,NA,NA,NA,NA,NA,NA,NA,NA,NA,NA,NA,NA,NA,NA,NA,NA,NA,18.55,26.1,10.0,NA,NA,NA,NA,NA,NA,NA,0.359012484,46.22962619
43_M01_4,43.M01.4,10.472,43,4,29,1,CommA,6/23/21,NA,NA,NA,NA,NA,1552.172137,0.000632662,NA,NA,0.744,NA,NA,NA,NA,NA,NA,NA,NA,NA,NA,NA,NA,NA,NA,NA,NA,NA,NA,NA,20.88,26.69,9.1,NA,NA,NA,NA,NA,NA,NA,NA,NA
43_M01_5,43.M01.5,25.797,43,5,36,1,CommA,6/23/21,NA,NA,NA,NA,NA,1876.283148,0.000412246,NA,NA,0.653,NA,NA,NA,NA,NA,NA,NA,NA,NA,NA,NA,NA,NA,NA,NA,NA,NA,NA,NA,20.67,25.83,8.8,NA,NA,NA,NA,NA,NA,NA,0.551599562,47.01027346
43_M01_6,43.M01.6,2.0405,43,6,43,1,CommA,6/23/21,NA,NA,NA,NA,NA,5595.970812,0.000480424,NA,NA,0.659,NA,NA,NA,NA,NA,NA,NA,NA,NA,NA,NA,NA,NA,NA,NA,NA,NA,NA,NA,22.14,26.97,9.6,NA,NA,NA,NA,NA,NA,NA,NA,NA
43_M01_7,43.M01.7,32.523,43,7,50,1,CommA,6/23/21,NA,NA,NA,NA,NA,768.1775154,0.014628399,NA,NA,0.64,NA,NA,NA,NA,NA,NA,NA,NA,NA,NA,NA,NA,NA,NA,NA,NA,NA,NA,NA,21.95,26.96,9.9,NA,NA,NA,NA,NA,NA,NA,NA,NA
43_M01_8,43.M01.8,44.695,43,8,55,1,CommA,6/23/21,6,LB,2.5,5,-2,3013.956909,0.055713602,0.954538633,3.13165232,0.656,0.667251104,0.046423823,0.266950065,1.79,0.28,1.43,0.25,NA,NA,1.406969527,46.15749498,0.283248066,46.63968135,NA,NA,NA,NA,NA,NA,20.94,25.3,10.3,-221.1573592,69586.28317,96803.18535,NA,4042.680946,0.076641019,17575.52983,NA,NA
NA,NA,NA,5,0,1,3,CommB,6/23/21,NA,NA,10,4,NA,249.3278738,0.001993005,NA,NA,NA,NA,NA,NA,NA,NA,NA,NA,NA,NA,NA,NA,NA,NA,NA,NA,NA,NA,NA,NA,NA,NA,NA,NA,NA,NA,NA,NA,NA,NA,NA,NA
5_M06_1,5.M06.1,3.0565,5,1,8,3,CommB,6/23/21,NA,NA,NA,NA,NA,804.3361219,0.008377895,NA,NA,0.785,NA,NA,NA,NA,NA,NA,NA,NA,NA,NA,NA,NA,NA,NA,NA,NA,NA,NA,NA,27.22,35.52,12.0,NA,NA,NA,NA,NA,NA,NA,NA,NA
5_M06_2,5.M06.2,36.9615,5,2,15,3,CommB,6/23/21,NA,NA,NA,NA,NA,1127.071774,0.007922082,NA,NA,0.779,NA,NA,NA,NA,NA,NA,NA,NA,NA,NA,NA,NA,NA,NA,NA,NA,NA,NA,NA,26.81,31.34,11.6,NA,NA,NA,NA,NA,NA,NA,NA,NA
5_M06_3,5.M06.3,41.842,5,3,22,3,CommB,6/23/21,NA,NA,NA,NA,NA,1922.126644,0.008786582,NA,NA,0.795,NA,NA,NA,NA,NA,NA,NA,NA,NA,NA,NA,NA,NA,NA,NA,NA,NA,NA,NA,29.91,32.4,11.9,NA,NA,NA,NA,NA,NA,NA,0.728221476,45.92515231
5_M06_4,5.M06.4,24.957,5,4,29,3,CommB,6/23/21,NA,NA,NA,NA,NA,2563.003515,0.009823573,NA,NA,0.772,NA,NA,NA,NA,NA,NA,NA,NA,NA,NA,NA,NA,NA,NA,NA,NA,NA,NA,NA,29.28,31.38,10.7,NA,NA,NA,NA,NA,NA,NA,NA,NA
5_M06_5,5.M06.5,8.5345,5,5,36,3,CommB,6/23/21,NA,NA,NA,NA,NA,1117.942686,0.003628701,NA,NA,0.764,NA,NA,NA,NA,NA,NA,NA,NA,NA,NA,NA,NA,NA,NA,NA,NA,NA,NA,NA,28.65,32.04,11.5,NA,NA,NA,NA,NA,NA,NA,0.542201459,46.15666247
5_M06_6,5.M06.6,11.418,5,6,43,3,CommB,6/23/21,NA,NA,NA,NA,NA,920.9910014,0.002064984,NA,NA,0.746,NA,NA,NA,NA,NA,NA,NA,NA,NA,NA,NA,NA,NA,NA,NA,NA,NA,NA,NA,30.82,32.43,11.5,NA,NA,NA,NA,NA,NA,NA,NA,NA
5_M06_7,5.M06.7,13.348,5,7,50,3,CommB,6/23/21,NA,NA,NA,NA,NA,858.7020781,0.023058304,NA,NA,0.767,NA,NA,NA,NA,NA,NA,NA,NA,NA,NA,NA,NA,NA,NA,NA,NA,NA,NA,NA,29.34,31.58,11.3,NA,NA,NA,NA,NA,NA,NA,NA,NA
5_M06_8,5.M06.8,35.7125,5,8,55,3,CommB,6/23/21,6,DB,2,4,0,NA,0.04477462,0.890847311,2.530663985,0.773,2.97E-01,3.54E-02,7.52E+00,2.3,0.38,2.32,0.43,NA,NA,1.411808351,47.25575396,0.018478989,46.56147242,NA,NA,NA,NA,NA,NA,28.59,31.53,12.1,33.06892112,53109.63395,73920.90685,NA,3078.659914,0.110429745,9563.501694,NA,NA
NA,NA,NA,7,0,1,3,CommB,7/7/21,NA,NA,2.222,5,NA,0.199152877,0.004736473,3.87432388,NA,NA,NA,NA,NA,NA,NA,NA,NA,NA,NA,NA,NA,NA,NA,NA,NA,NA,NA,NA,NA,3.36,9.71,5.9,NA,NA,NA,NA,NA,NA,NA,NA,NA
7_M06_1,7.M06.1,27.9015,7,1,8,3,CommB,7/7/21,NA,NA,NA,NA,NA,1148.184324,0.014089069,NA,NA,0.67,NA,NA,NA,NA,NA,NA,NA,NA,NA,NA,NA,NA,NA,NA,NA,NA,NA,NA,NA,10.8,25.55,10.0,NA,NA,NA,NA,NA,NA,NA,NA,NA
7_M06_2,7.M06.2,24.937,7,2,15,3,CommB,7/7/21,NA,NA,NA,NA,NA,1950.446246,0.004795746,NA,NA,0.701,NA,NA,NA,NA,NA,NA,NA,NA,NA,NA,NA,NA,NA,NA,NA,NA,NA,NA,NA,27.46,39.23,13.5,NA,NA,NA,NA,NA,NA,NA,NA,NA
7_M06_3,7.M06.3,22.1295,7,3,22,3,CommB,7/7/21,NA,NA,NA,NA,NA,1375.245937,0.005237378,NA,NA,0.744,NA,NA,NA,NA,NA,NA,NA,NA,NA,NA,NA,NA,NA,NA,NA,NA,NA,NA,NA,26.21,39.51,14.0,NA,NA,NA,NA,NA,NA,NA,NA,NA
7_M06_4,7.M06.4,19.3355,7,4,29,3,CommB,7/7/21,NA,NA,NA,NA,NA,930.3991694,0.004384126,NA,NA,0.654,NA,NA,NA,NA,NA,NA,NA,NA,NA,NA,NA,NA,NA,NA,NA,NA,NA,NA,NA,28,38.5,13.7,NA,NA,NA,NA,NA,NA,NA,NA,NA
7_M06_5,7.M06.5,10.6605,7,5,36,3,CommB,7/7/21,NA,NA,NA,NA,NA,887.1627716,0.013572392,NA,NA,0.679,NA,NA,NA,NA,NA,NA,NA,NA,NA,NA,NA,NA,NA,NA,NA,NA,NA,NA,NA,26.86,38.64,13.0,NA,NA,NA,NA,NA,NA,NA,NA,NA
7_M06_6,7.M06.6,15.63,7,6,43,3,CommB,7/7/21,NA,NA,NA,NA,NA,1044.715792,0.009261924,NA,NA,0.63,NA,NA,NA,NA,NA,NA,NA,NA,NA,NA,NA,NA,NA,NA,NA,NA,NA,NA,NA,29.11,37.64,14.0,NA,NA,NA,NA,NA,NA,NA,NA,NA
7_M06_7,7.M06.7,7.12,7,7,50,3,CommB,7/7/21,NA,NA,NA,NA,NA,826.8319842,0.012231223,NA,NA,0.767,NA,NA,NA,NA,NA,NA,NA,NA,NA,NA,NA,NA,NA,NA,NA,NA,NA,NA,NA,30.77,38.21,13.9,NA,NA,NA,NA,NA,NA,NA,NA,NA
7_M06_8,7.M06.8,17.874,7,8,55,3,CommB,7/7/21,7.2,DB,14,7,2,779.1423736,0.01863113,1.632264833,2.253639003,0.742,0.632294952,0.005434964,0.46490086,3.49,0.54,2.73,0.42,14.34,2.37,1.104500393,46.67427584,0.032932043,46.82684565,0.033505874,45.73977422,0.148286538,42.81208944,0.086676435,45.88568639,29.2,38.84,14.2,87.48962882,NA,37498.20078,49987.66968,1558.779631,0.086939462,8942.327751,NA,NA
NA,NA,NA,18,0,1,3,CommB,7/14/21,NA,NA,4.444,3,NA,642.0591451,0.003697513,2.78245145,NA,NA,NA,NA,NA,NA,NA,NA,NA,NA,NA,NA,NA,NA,NA,NA,NA,NA,NA,NA,NA,3.61,13.37,6.7,NA,NA,NA,NA,NA,NA,NA,NA,NA
18_M06_1_R,18.M06.1.R,14.0015,18,1,8,3,CommB,7/14/21,NA,NA,NA,NA,NA,1793.527663,0.004383366,NA,NA,0.532,NA,NA,NA,NA,NA,NA,NA,NA,NA,NA,NA,NA,NA,NA,NA,NA,NA,NA,NA,21.97,28.34,10.8,NA,NA,NA,NA,NA,NA,NA,NA,NA
18_M06_2,18.M06.2,25.002,18,2,15,3,CommB,7/14/21,NA,NA,NA,NA,NA,1169.872754,0.006237824,NA,NA,0.649,NA,NA,NA,NA,NA,NA,NA,NA,NA,NA,NA,NA,NA,NA,NA,NA,NA,NA,NA,27.46,33.54,11.4,NA,NA,NA,NA,NA,NA,NA,NA,NA
18_M06_3,18.M06.3,16.028,18,3,22,3,CommB,7/14/21,NA,NA,NA,NA,NA,926.0830065,0.009125217,NA,NA,0.754,NA,NA,NA,NA,NA,NA,NA,NA,NA,NA,NA,NA,NA,NA,NA,NA,NA,NA,NA,28.36,32.77,11,NA,NA,NA,NA,NA,NA,NA,0.474619806,45.90791115
18_M06_4,18.M06.4,10.545,18,4,29,3,CommB,7/14/21,NA,NA,NA,NA,NA,549.0624189,0.015530473,NA,NA,0.785,NA,NA,NA,NA,NA,NA,NA,NA,NA,NA,NA,NA,NA,NA,NA,NA,NA,NA,NA,27.91,33.18,11.5,NA,NA,NA,NA,NA,NA,NA,NA,NA
18_M06_5,18.M06.5,18.0125,18,5,36,3,CommB,7/14/21,NA,NA,NA,NA,NA,1108.132815,0.06259644,NA,NA,0.787,NA,NA,NA,NA,NA,NA,NA,NA,NA,NA,NA,NA,NA,NA,NA,NA,NA,NA,NA,27.04,32.94,11.7,NA,NA,NA,NA,NA,NA,NA,0.737806499,46.82505592
18_M06_6,18.M06.6,2.299,18,6,43,3,CommB,7/14/21,NA,NA,NA,NA,NA,535.5873301,0.022423659,NA,NA,0.79,NA,NA,NA,NA,NA,NA,NA,NA,NA,NA,NA,NA,NA,NA,NA,NA,NA,NA,NA,27.77,32.79,11.5,NA,NA,NA,NA,NA,NA,NA,NA,NA
18_M06_7,18.M06.7,3.17,18,7,50,3,CommB,7/14/21,NA,NA,NA,NA,NA,409.6400405,0.02479642,NA,NA,0.784,NA,NA,NA,NA,NA,NA,NA,NA,NA,NA,NA,NA,NA,NA,NA,NA,NA,NA,NA,27.57,33.88,11.5,NA,NA,NA,NA,NA,NA,NA,NA,NA
18_M06_8,18.M06.8,18.515,18,8,55,3,CommB,7/14/21,5.1,LB,1.5,5,2,94.34812449,0.027765234,2.473280081,0.527884082,0.77,0.590473061,0.048378492,0.258605264,2.44,0.39,2.17,0.36,NA,NA,1.304761747,47.30522295,0.222023904,46.7405305,NA,NA,NA,NA,NA,NA,29.33,34.27,11.6,34.52370572,2550.636198,25792.72006,48816.07161,1073.258181,0.176556147,7228.313298,NA,NA
NA,NA,NA,22,0,1,3,CommB,7/7/21,NA,NA,1.111,7,NA,1662.64096,0.004937842,1.42200797,NA,NA,NA,NA,NA,NA,NA,NA,NA,NA,NA,NA,NA,NA,NA,NA,NA,NA,NA,NA,NA,2.21,9.35,4.3,NA,NA,NA,NA,NA,NA,NA,NA,NA
NA,NA,NA,22,1,8,3,CommB,7/7/21,NA,NA,NA,NA,NA,612.0999263,0.004074995,NA,NA,0.778,NA,NA,NA,NA,NA,NA,NA,NA,NA,NA,NA,NA,NA,NA,NA,NA,NA,NA,NA,9.42,20.03,8.5,NA,NA,NA,NA,NA,NA,NA,NA,NA
22_M06_2,22.M06.2,9.2395,22,2,15,3,CommB,7/7/21,NA,NA,NA,NA,NA,1893.997994,0.003522023,NA,NA,0.746,NA,NA,NA,NA,NA,NA,NA,NA,NA,NA,NA,NA,NA,NA,NA,NA,NA,NA,NA,28.42,32.18,10.2,NA,NA,NA,NA,NA,NA,NA,NA,NA
22_M06_3,22.M06.3,19.843,22,3,22,3,CommB,7/7/21,NA,NA,NA,NA,NA,1433.303037,0.009222781,NA,NA,0.767,NA,NA,NA,NA,NA,NA,NA,NA,NA,NA,NA,NA,NA,NA,NA,NA,NA,NA,NA,30.11,33.72,10.2,NA,NA,NA,NA,NA,NA,NA,1.112355053,46.38836718
22_M06_4,22.M06.4,17.238,22,4,29,3,CommB,7/7/21,NA,NA,NA,NA,NA,1141.485925,0.010905393,NA,NA,0.788,NA,NA,NA,NA,NA,NA,NA,NA,NA,NA,NA,NA,NA,NA,NA,NA,NA,NA,NA,25.76,33.5,10.5,NA,NA,NA,NA,NA,NA,NA,NA,NA
22_M06_5,22.M06.5,10.315,22,5,36,3,CommB,7/7/21,NA,NA,NA,NA,NA,637.564335,0.01370794,NA,NA,0.736,NA,NA,NA,NA,NA,NA,NA,NA,NA,NA,NA,NA,NA,NA,NA,NA,NA,NA,NA,25.67,33.46,10.2,NA,NA,NA,NA,NA,NA,NA,0.326770663,46.51776171
22_M06_6,22.M06.6,2.24,22,6,43,3,CommB,7/7/21,NA,NA,NA,NA,NA,255.2070944,0.021229388,NA,NA,0.764,NA,NA,NA,NA,NA,NA,NA,NA,NA,NA,NA,NA,NA,NA,NA,NA,NA,NA,NA,28.34,32.33,11.4,NA,NA,NA,NA,NA,NA,NA,NA,NA
NA,NA,NA,22,7,50,3,CommB,7/7/21,NA,NA,NA,NA,NA,25.97796581,0.023326317,NA,NA,0.74,NA,NA,NA,NA,NA,NA,NA,NA,NA,NA,NA,NA,NA,NA,NA,NA,NA,NA,NA,25.73,33.62,11.2,NA,NA,NA,NA,NA,NA,NA,NA,NA
22_M06_8,22.M06.8,8.2915,22,8,55,3,CommB,7/7/21,6.3,DB,2.5,9,2,198.294139,0.036810561,0.598507684,1.211830912,0.759,0.758267525,0.014344496,0.394211152,2.46,0.42,2.11,0.38,24.01,4.73,1.364385108,47.03284212,0.329965472,46.3233552,-0.12935142,46.12490987,0.053408043,46.5115447,-0.106346114,46.3980689,25.79,33.4,10.9,-131.0333103,NA,42575.21197,92841.9153,1779.426887,0.12773724,7860.571376,NA,NA
NA,NA,NA,25,0,1,3,CommB,7/14/21,NA,NA,2.222,8,NA,1108.870267,0.002929632,NA,NA,NA,NA,NA,NA,NA,NA,NA,NA,NA,NA,NA,NA,NA,NA,NA,NA,NA,NA,NA,NA,NA,NA,NA,NA,NA,NA,NA,NA,NA,NA,NA,NA
NA,NA,NA,25,1,8,3,CommB,7/14/21,NA,NA,NA,NA,NA,1225.874763,0.000672114,NA,NA,0.779,NA,NA,NA,NA,NA,NA,NA,NA,NA,NA,NA,NA,NA,NA,NA,NA,NA,NA,NA,NA,NA,NA,NA,NA,NA,NA,NA,NA,NA,NA,NA
NA,NA,NA,25,2,15,3,CommB,7/14/21,NA,NA,NA,NA,NA,2309.272883,0.000522555,NA,NA,0.768,NA,NA,NA,NA,NA,NA,NA,NA,NA,NA,NA,NA,NA,NA,NA,NA,NA,NA,NA,NA,NA,NA,NA,NA,NA,NA,NA,NA,NA,NA,NA
NA,NA,NA,25,3,22,3,CommB,7/14/21,NA,NA,NA,NA,NA,792.1117905,0.006044265,NA,NA,0.758,NA,NA,NA,NA,NA,NA,NA,NA,NA,NA,NA,NA,NA,NA,NA,NA,NA,NA,NA,NA,NA,NA,NA,NA,NA,NA,NA,NA,NA,0.507526338,46.16792091
NA,NA,NA,25,4,29,3,CommB,7/14/21,NA,NA,NA,NA,NA,582.7561418,0.109602449,NA,NA,0.768,NA,NA,NA,NA,NA,NA,NA,NA,NA,NA,NA,NA,NA,NA,NA,NA,NA,NA,NA,NA,NA,NA,NA,NA,NA,NA,NA,NA,NA,NA,NA
NA,NA,NA,25,5,36,3,CommB,7/14/21,NA,NA,NA,NA,NA,641.3436379,0.031172709,NA,NA,0.803,NA,NA,NA,NA,NA,NA,NA,NA,NA,NA,NA,NA,NA,NA,NA,NA,NA,NA,NA,NA,NA,NA,NA,NA,NA,NA,NA,NA,NA,0.44322735,46.82252678
NA,NA,NA,25,6,43,3,CommB,7/14/21,NA,NA,NA,NA,NA,510.7346292,0.032650573,NA,NA,0.782,NA,NA,NA,NA,NA,NA,NA,NA,NA,NA,NA,NA,NA,NA,NA,NA,NA,NA,NA,NA,NA,NA,NA,NA,NA,NA,NA,NA,NA,NA,NA
NA,NA,NA,25,7,50,3,CommB,7/14/21,NA,NA,NA,NA,NA,602.7068025,0.04517908,NA,NA,0.77,NA,NA,NA,NA,NA,NA,NA,NA,NA,NA,NA,NA,NA,NA,NA,NA,NA,NA,NA,NA,NA,NA,NA,NA,NA,NA,NA,NA,NA,NA,NA
NA,NA,NA,25,8,55,3,CommB,7/14/21,7.2,LB,11.75,8,0,1244.588016,0.017735522,0.375656916,2.268158294,0.772,0.565482295,0.100859684,0.27220004,1.33,0.17,1.37,0.15,1.48,0.25,2.249793867,47.71389147,0.714789211,46.19811869,NA,NA,NA,NA,NA,NA,NA,NA,NA,593.9721321,66787.1844,111723.1159,115235.304,4630.380989,0.246508899,9018.25893,NA,NA
NA,NA,NA,27,0,1,3,CommB,7/7/21,NA,NA,2.222,7,NA,1249.909552,0.006345042,4.93485714,NA,NA,NA,NA,NA,NA,NA,NA,NA,NA,NA,NA,NA,NA,NA,NA,NA,NA,NA,NA,NA,3.01,10.32,5.4,NA,NA,NA,NA,NA,NA,NA,NA,NA
27_M06_1,27.M06.1,52.639,27,1,8,3,CommB,7/7/21,NA,NA,NA,NA,NA,745.4835525,0.007401195,NA,NA,0.807,NA,NA,NA,NA,NA,NA,NA,NA,NA,NA,NA,NA,NA,NA,NA,NA,NA,NA,NA,16.66,24.58,9.5,NA,NA,NA,NA,NA,NA,NA,NA,NA
27_M06_2,27.M06.2,20.3845,27,2,15,3,CommB,7/7/21,NA,NA,NA,NA,NA,2264.43252,0.013645438,NA,NA,0.794,NA,NA,NA,NA,NA,NA,NA,NA,NA,NA,NA,NA,NA,NA,NA,NA,NA,NA,NA,24.8,28.66,9.5,NA,NA,NA,NA,NA,NA,NA,NA,NA
27_M06_3,27.M06.3,17.238,27,3,22,3,CommB,7/7/21,NA,NA,NA,NA,NA,1646.204021,0.010645452,NA,NA,0.776,NA,NA,NA,NA,NA,NA,NA,NA,NA,NA,NA,NA,NA,NA,NA,NA,NA,NA,NA,23.51,26.82,9.5,NA,NA,NA,NA,NA,NA,NA,1.242325842,45.71347476
27_M06_4,27.M06.4,6.583,27,4,29,3,CommB,7/7/21,NA,NA,NA,NA,NA,535.1926627,0.002183486,NA,NA,0.764,NA,NA,NA,NA,NA,NA,NA,NA,NA,NA,NA,NA,NA,NA,NA,NA,NA,NA,NA,21.42,27.72,9.7,NA,NA,NA,NA,NA,NA,NA,NA,NA
27_M06_5,27.M06.5,17.558,27,5,36,3,CommB,7/7/21,NA,NA,NA,NA,NA,379.7706388,0.007217105,NA,NA,0.767,NA,NA,NA,NA,NA,NA,NA,NA,NA,NA,NA,NA,NA,NA,NA,NA,NA,NA,NA,21.8,28.75,10.0,NA,NA,NA,NA,NA,NA,NA,0.758472383,46.5514226
27_M06_6,27.M06.6,15.9375,27,6,43,3,CommB,7/7/21,NA,NA,NA,NA,NA,707.5367416,0.02342774,NA,NA,0.771,NA,NA,NA,NA,NA,NA,NA,NA,NA,NA,NA,NA,NA,NA,NA,NA,NA,NA,NA,24.33,28.87,10.0,NA,NA,NA,NA,NA,NA,NA,NA,NA
27_M06_7,27.M06.7,10.035,27,7,50,3,CommB,7/7/21,NA,NA,NA,NA,NA,420.3947758,0.028306924,NA,NA,0.776,NA,NA,NA,NA,NA,NA,NA,NA,NA,NA,NA,NA,NA,NA,NA,NA,NA,NA,NA,23.02,29.86,10.0,NA,NA,NA,NA,NA,NA,NA,NA,NA
27_M06_8,27.M06.8,14.074,27,8,55,3,CommB,7/7/21,6.6,DB,6,7,0,396.6115249,0.031884444,0.760030217,1.035636605,0.759,0.311606425,0.002219655,0.171362198,1.9,0.25,1.32,0.32,15.16,3.32,1.264392952,46.84246584,1.336047947,46.37075663,NA,NA,NA,NA,NA,NA,23.37,28.77,10.0,-92.50379847,NA,40780.1684,64471.84683,1703.028008,0.131056827,8345.535989,NA,NA
NA,NA,NA,31,0,1,3,CommB,6/23/21,NA,NA,4.44,6,NA,313.707332,0.003052379,NA,NA,NA,NA,NA,NA,NA,NA,NA,NA,NA,NA,NA,NA,NA,NA,NA,NA,NA,NA,NA,NA,NA,NA,NA,NA,NA,NA,NA,NA,NA,NA,NA,NA
31_M06_1,31.M06.1,29.0965,31,1,8,3,CommB,6/23/21,NA,NA,NA,NA,NA,987.8536522,0.002399275,NA,NA,0.527,NA,NA,NA,NA,NA,NA,NA,NA,NA,NA,NA,NA,NA,NA,NA,NA,NA,NA,NA,19.95,25.73,10.9,NA,NA,NA,NA,NA,NA,NA,NA,NA
31_M06_2,31.M06.2,56.1915,31,2,15,3,CommB,6/23/21,NA,NA,NA,NA,NA,715.4639428,0.003788524,NA,NA,0.605,NA,NA,NA,NA,NA,NA,NA,NA,NA,NA,NA,NA,NA,NA,NA,NA,NA,NA,NA,18.59,27.62,11.0,NA,NA,NA,NA,NA,NA,NA,NA,NA
31_M06_3,31.M06.3,32.8845,31,3,22,3,CommB,6/23/21,NA,NA,NA,NA,NA,1061.563636,0.013824369,NA,NA,0.455,NA,NA,NA,NA,NA,NA,NA,NA,NA,NA,NA,NA,NA,NA,NA,NA,NA,NA,NA,18.21,27.89,12.0,NA,NA,NA,NA,NA,NA,NA,0.312728584,46.70211967
31_M06_4,31.M06.4,8.6445,31,4,29,3,CommB,6/23/21,NA,NA,NA,NA,NA,3491.120786,0.015233792,NA,NA,0.533,NA,NA,NA,NA,NA,NA,NA,NA,NA,NA,NA,NA,NA,NA,NA,NA,NA,NA,NA,17.62,27.12,11.3,NA,NA,NA,NA,NA,NA,NA,NA,NA
31_M06_5,31.M06.5,6.618,31,5,36,3,CommB,6/23/21,NA,NA,NA,NA,NA,1941.809239,0.003691984,NA,NA,0.551,NA,NA,NA,NA,NA,NA,NA,NA,NA,NA,NA,NA,NA,NA,NA,NA,NA,NA,NA,19.92,27.02,11.2,NA,NA,NA,NA,NA,NA,NA,0.272320509,46.39704308
31_M06_6,31.M06.6,19.5205,31,6,43,3,CommB,6/23/21,NA,NA,NA,NA,NA,1231.972485,0.001875309,NA,NA,0.547,NA,NA,NA,NA,NA,NA,NA,NA,NA,NA,NA,NA,NA,NA,NA,NA,NA,NA,NA,20.05,26.65,11,NA,NA,NA,NA,NA,NA,NA,NA,NA
31_M06_7,31.M06.7,8.235,31,7,50,3,CommB,6/23/21,NA,NA,NA,NA,NA,808.0175747,0.020192308,NA,NA,0.546,NA,NA,NA,NA,NA,NA,NA,NA,NA,NA,NA,NA,NA,NA,NA,NA,NA,NA,NA,20.5,26.1,11.2,NA,NA,NA,NA,NA,NA,NA,NA,NA
31_M06_8,31.M06.8,35.885,31,8,55,3,CommB,6/23/21,5.4,LB,7.5,7,1,NA,0.078510621,1.84323887,1.700267253,0.611,0.613066272,0.028926714,0.315240047,2.18,0.3,1.94,0.29,NA,NA,1.441425065,47.12766405,0.326944231,47.48041773,NA,NA,NA,NA,NA,NA,18.25,24.33,11.2,981.3508658,71119.25114,95569.11906,NA,3941.157008,0.142568561,10551.50865,NA,NA
NA,NA,NA,32,0,1,3,CommB,6/23/21,NA,NA,20,5,NA,314.9486177,-3.89476E-05,NA,NA,NA,NA,NA,NA,NA,NA,NA,NA,NA,NA,NA,NA,NA,NA,NA,NA,NA,NA,NA,NA,NA,NA,NA,NA,NA,NA,NA,NA,NA,NA,NA,NA
32_M06_1,32.M06.1,17.5565,32,1,8,3,CommB,6/23/21,NA,NA,NA,NA,NA,965.4039119,0.003458386,NA,NA,0.797,NA,NA,NA,NA,NA,NA,NA,NA,NA,NA,NA,NA,NA,NA,NA,NA,NA,NA,NA,35.85,50.97,13.1,NA,NA,NA,NA,NA,NA,NA,NA,NA
32_M06_2,32.M06.2,2.1015,32,2,15,3,CommB,6/23/21,NA,NA,NA,NA,NA,930.8227462,0.003451522,NA,NA,0.791,NA,NA,NA,NA,NA,NA,NA,NA,NA,NA,NA,NA,NA,NA,NA,NA,NA,NA,NA,33.73,49.93,14.1,NA,NA,NA,NA,NA,NA,NA,NA,NA
32_M06_3,32.M06.3,16.5145,32,3,22,3,CommB,6/23/21,NA,NA,NA,NA,NA,1460.851641,0.001855215,NA,NA,0.783,NA,NA,NA,NA,NA,NA,NA,NA,NA,NA,NA,NA,NA,NA,NA,NA,NA,NA,NA,37.03,47.65,13.0,NA,NA,NA,NA,NA,NA,NA,0.48414427,45.91180595
32_M06_4,32.M06.4,21.7745,32,4,29,3,CommB,6/23/21,NA,NA,NA,NA,NA,4062.448112,0.004360916,NA,NA,0.775,NA,NA,NA,NA,NA,NA,NA,NA,NA,NA,NA,NA,NA,NA,NA,NA,NA,NA,NA,36.53,47.34,13.1,NA,NA,NA,NA,NA,NA,NA,NA,NA
32_M06_5,32.M06.5,26.119,32,5,36,3,CommB,6/23/21,NA,NA,NA,NA,NA,2180.6929,0.003661413,NA,NA,0.772,NA,NA,NA,NA,NA,NA,NA,NA,NA,NA,NA,NA,NA,NA,NA,NA,NA,NA,NA,35.01,46.49,13.3,NA,NA,NA,NA,NA,NA,NA,NA,NA
32_M06_6,32.M06.6,23.908,32,6,43,3,CommB,6/23/21,NA,NA,NA,NA,NA,1989.41715,0.004769772,NA,NA,0.788,NA,NA,NA,NA,NA,NA,NA,NA,NA,NA,NA,NA,NA,NA,NA,NA,NA,NA,NA,33.27,46.57,12.6,NA,NA,NA,NA,NA,NA,NA,NA,NA
32_M06_7,32.M06.7,24.6925,32,7,50,3,CommB,6/23/21,NA,NA,NA,NA,NA,1059.992499,0.009453456,NA,NA,0.784,NA,NA,NA,NA,NA,NA,NA,NA,NA,NA,NA,NA,NA,NA,NA,NA,NA,NA,NA,36.71,47.44,13.2,NA,NA,NA,NA,NA,NA,NA,NA,NA
32_M06_8,32.M06.8,51.8725,32,8,55,3,CommB,6/23/21,5.1,DB,5.5,3,-2,NA,0.063669045,3.371685896,2.737387593,0.787,1.693363957,0.135645835,0.065886021,4.59,0.72,4.22,0.65,NA,NA,0.877815465,47.76863237,0.549461781,46.47457362,NA,NA,NA,NA,NA,NA,37.36,47.14,12.9,1120.589361,61372.4523,96335.88712,NA,3967.304073,0.094640777,12964.57758,NA,NA
NA,NA,NA,44,0,1,3,CommB,6/30/21,NA,NA,7.777,6,NA,875.5714246,0.003122411,NA,NA,NA,NA,NA,NA,NA,NA,NA,NA,NA,NA,NA,NA,NA,NA,NA,NA,NA,NA,NA,NA,6.67,23.12,7.1,NA,NA,NA,NA,NA,NA,NA,NA,NA
NA,NA,NA,44,1,8,3,CommB,6/30/21,NA,NA,NA,NA,NA,623.3418298,0.000780192,NA,NA,0.584,NA,NA,NA,NA,NA,NA,NA,NA,NA,NA,NA,NA,NA,NA,NA,NA,NA,NA,NA,22.16,25.99,8.9,NA,NA,NA,NA,NA,NA,NA,NA,NA
NA,NA,NA,44,2,15,3,CommB,6/30/21,NA,NA,NA,NA,NA,675.2634124,0.000778677,NA,NA,0.775,NA,NA,NA,NA,NA,NA,NA,NA,NA,NA,NA,NA,NA,NA,NA,NA,NA,NA,NA,18.8,28.04,8.3,NA,NA,NA,NA,NA,NA,NA,NA,NA
NA,NA,NA,44,3,22,3,CommB,6/30/21,NA,NA,NA,NA,NA,2205.150012,0.001438167,NA,NA,0.636,NA,NA,NA,NA,NA,NA,NA,NA,NA,NA,NA,NA,NA,NA,NA,NA,NA,NA,NA,20.78,25.54,9.1,NA,NA,NA,NA,NA,NA,NA,0.371480763,46.14271594
NA,NA,NA,44,4,29,3,CommB,6/30/21,NA,NA,NA,NA,NA,2150.37639,0.001178785,NA,NA,0.775,NA,NA,NA,NA,NA,NA,NA,NA,NA,NA,NA,NA,NA,NA,NA,NA,NA,NA,NA,20.8,25.27,8.8,NA,NA,NA,NA,NA,NA,NA,NA,NA
NA,NA,NA,44,5,36,3,CommB,6/30/21,NA,NA,NA,NA,NA,559.3317374,0.000636027,NA,NA,0.742,NA,NA,NA,NA,NA,NA,NA,NA,NA,NA,NA,NA,NA,NA,NA,NA,NA,NA,NA,19.57,25.64,8.8,NA,NA,NA,NA,NA,NA,NA,0.402569711,45.92188693
NA,NA,NA,44,6,43,3,CommB,6/30/21,NA,NA,NA,NA,NA,406.8671967,0.061069334,NA,NA,0.744,NA,NA,NA,NA,NA,NA,NA,NA,NA,NA,NA,NA,NA,NA,NA,NA,NA,NA,NA,15.85,22.73,8.9,NA,NA,NA,NA,NA,NA,NA,NA,NA
NA,NA,NA,44,7,50,3,CommB,6/30/21,NA,NA,NA,NA,NA,435.269096,0.069285163,NA,NA,0.699,NA,NA,NA,NA,NA,NA,NA,NA,NA,NA,NA,NA,NA,NA,NA,NA,NA,NA,NA,21.73,25.81,9.1,NA,NA,NA,NA,NA,NA,NA,NA,NA
NA,NA,NA,44,8,55,3,CommB,6/30/21,NA,LB,3.5,11,5,582.9681936,0.002399882,3.479938101,3.367936842,0.679,0.19684727,0.019529338,0.149961878,1.48,0.28,1.92,0.3,NA,NA,1.17515109,47.02830645,0.096615314,46.99889994,NA,NA,NA,NA,NA,NA,20.5,25.75,8.7,-72.73273387,96581.81893,87461.18637,95750.13095,3647.246629,0.140688638,8514.139293,NA,NA
NA,NA,NA,45,0,1,3,CommB,7/21/21,NA,NA,4.444,5,NA,2744.681005,0.003526612,2.54693517,NA,NA,NA,NA,NA,NA,NA,NA,NA,NA,NA,NA,NA,NA,NA,NA,NA,NA,NA,NA,NA,2.52,11.89,6.6,NA,NA,NA,NA,NA,NA,NA,NA,NA
45_M06_1,45.M06.1,7.9555,45,1,8,3,CommB,7/21/21,NA,NA,NA,NA,NA,1317.878529,0.006322624,NA,NA,0.8,NA,NA,NA,NA,NA,NA,NA,NA,NA,NA,NA,NA,NA,NA,NA,NA,NA,NA,NA,22.79,31.57,10.7,NA,NA,NA,NA,NA,NA,NA,NA,NA
45_M06_2,45.M06.2,21.6855,45,2,15,3,CommB,7/21/21,NA,NA,NA,NA,NA,1045.584333,0.004715596,NA,NA,0.796,NA,NA,NA,NA,NA,NA,NA,NA,NA,NA,NA,NA,NA,NA,NA,NA,NA,NA,NA,32.47,38.07,12,NA,NA,NA,NA,NA,NA,NA,NA,NA
45_M06_3,45.M06.3,19.138,45,3,22,3,CommB,7/21/21,NA,NA,NA,NA,NA,1036.156779,0.04245876,NA,NA,0.781,NA,NA,NA,NA,NA,NA,NA,NA,NA,NA,NA,NA,NA,NA,NA,NA,NA,NA,NA,27.94,37.91,12.0,NA,NA,NA,NA,NA,NA,NA,0.297157764,45.87945605
45_M06_4,45.M06.4,26.375,45,4,29,3,CommB,7/21/21,NA,NA,NA,NA,NA,1214.528715,0.041112658,NA,NA,0.782,NA,NA,NA,NA,NA,NA,NA,NA,NA,NA,NA,NA,NA,NA,NA,NA,NA,NA,NA,28.8,38.72,11.5,NA,NA,NA,NA,NA,NA,NA,NA,NA
45_M06_5,45.M06.5,17.899,45,5,36,3,CommB,7/21/21,NA,NA,NA,NA,NA,713.3838708,0.017492396,NA,NA,0.683,NA,NA,NA,NA,NA,NA,NA,NA,NA,NA,NA,NA,NA,NA,NA,NA,NA,NA,NA,32.96,39.37,11.5,NA,NA,NA,NA,NA,NA,NA,0.361226797,46.78492022
45_M06_6,45.M06.6,11.564,45,6,43,3,CommB,7/21/21,NA,NA,NA,NA,NA,1350.328008,0.023371329,NA,NA,0.777,NA,NA,NA,NA,NA,NA,NA,NA,NA,NA,NA,NA,NA,NA,NA,NA,NA,NA,NA,29.91,38.9,11.9,NA,NA,NA,NA,NA,NA,NA,NA,NA
45_M06_7,45.M06.7,9.4575,45,7,50,3,CommB,7/21/21,NA,NA,NA,NA,NA,NA,NA,NA,NA,0.759,NA,NA,NA,NA,NA,NA,NA,NA,NA,NA,NA,NA,NA,NA,NA,NA,NA,NA,NA,30.73,38.63,10.9,NA,NA,NA,NA,NA,NA,NA,NA,NA
45_M06_8,45.M06.8,39.8195,45,8,55,3,CommB,7/21/21,6,DB,3.5,5,0,1145.315904,0.065334293,1.88,1.95,0.726,0.742741566,0.012221374,0.502717327,3.39,0.71,3.99,0.65,NA,NA,0.461418668,47.44201036,0.44926542,46.86644221,NA,NA,NA,NA,NA,NA,32.53,38.58,12,-230.4317175,18546.46039,49832.11744,66247.14399,2085.939548,0.204334269,10567.85714,NA,NA
NA,NA,NA,1,0,1,2,CommC,7/21/21,NA,NA,5.555,5,NA,2125.584692,0.004444408,3.62599265,NA,NA,NA,NA,NA,NA,NA,NA,NA,NA,NA,NA,NA,NA,NA,NA,NA,NA,NA,NA,NA,4.15,18.32,7.6,NA,NA,NA,NA,NA,NA,NA,NA,NA
1_M09_1,1.M09.1,15.042,1,1,8,2,CommC,7/21/21,NA,NA,NA,NA,NA,1106.859495,0.006162467,NA,NA,0.788,NA,NA,NA,NA,NA,NA,NA,NA,NA,NA,NA,NA,NA,NA,NA,NA,NA,NA,NA,11.01,28.2,9.1,NA,NA,NA,NA,NA,NA,NA,NA,NA
1_M09_2,1.M09.2,20.8655,1,2,15,2,CommC,7/21/21,NA,NA,NA,NA,NA,910.3455238,0.004903894,NA,NA,0.73,NA,NA,NA,NA,NA,NA,NA,NA,NA,NA,NA,NA,NA,NA,NA,NA,NA,NA,NA,14.78,28.65,9.1,NA,NA,NA,NA,NA,NA,NA,NA,NA
1_M09_3,1.M09.3,23.673,1,3,22,2,CommC,7/21/21,NA,NA,NA,NA,NA,679.2367319,0.009603664,NA,NA,0.748,NA,NA,NA,NA,NA,NA,NA,NA,NA,NA,NA,NA,NA,NA,NA,NA,NA,NA,NA,13.85,26.97,8.5,NA,NA,NA,NA,NA,NA,NA,0.677278578,46.68833717
1_M09_4,1.M09.4,13.5925,1,4,29,2,CommC,7/21/21,NA,NA,NA,NA,NA,1036.63195,0.027604112,NA,NA,0.748,NA,NA,NA,NA,NA,NA,NA,NA,NA,NA,NA,NA,NA,NA,NA,NA,NA,NA,NA,12.15,25.86,8.9,NA,NA,NA,NA,NA,NA,NA,NA,NA
1_M09_5,1.M09.5,19.04,1,5,36,2,CommC,7/21/21,NA,NA,NA,NA,NA,633.1406056,0.008006246,NA,NA,0.742,NA,NA,NA,NA,NA,NA,NA,NA,NA,NA,NA,NA,NA,NA,NA,NA,NA,NA,NA,12.48,27.48,8.9,NA,NA,NA,NA,NA,NA,NA,NA,NA
1_M09_6,1.M09.6,13.704,1,6,43,2,CommC,7/21/21,NA,NA,NA,NA,NA,914.7770926,0.007710288,NA,NA,0.744,NA,NA,NA,NA,NA,NA,NA,NA,NA,NA,NA,NA,NA,NA,NA,NA,NA,NA,NA,13.98,28.17,8.9,NA,NA,NA,NA,NA,NA,NA,NA,NA
1_M09_7,1.M09.7,14.7125,1,7,50,2,CommC,7/21/21,NA,NA,NA,NA,NA,NA,NA,NA,NA,0.782,NA,NA,NA,NA,NA,NA,NA,NA,NA,NA,NA,NA,NA,NA,NA,NA,NA,NA,NA,11.62,27.11,9.1,NA,NA,NA,NA,NA,NA,NA,NA,NA
1_M09_8,1.M09.8,6.9695,1,8,55,2,CommC,7/21/21,6,DB,12.5,6,1,455.3449528,0.034172831,NA,1.79,0.782,0.900336223,0.900336223,0.900336223,1.79,0.29,3.32,0.65,NA,NA,1.34040151,47.67822023,0.228506624,47.50994349,NA,NA,NA,NA,NA,NA,11.08,27.93,8.5,-250.0986801,8232.18165,29796.86945,25964.31941,1251.957006,0.10260791,7861.921044,NA,NA
NA,NA,NA,8,0,1,2,CommC,6/30/21,NA,NA,4.444,3,NA,1250.791021,0.006972254,NA,NA,NA,NA,NA,NA,NA,NA,NA,NA,NA,NA,NA,NA,NA,NA,NA,NA,NA,NA,NA,NA,4.55,13.76,8.6,NA,NA,NA,NA,NA,NA,NA,NA,NA
8_M09_1,8.M09.1,39.774,8,1,8,2,CommC,6/30/21,NA,NA,NA,NA,NA,870.4727489,0.005125528,NA,NA,0.663,NA,NA,NA,NA,NA,NA,NA,NA,NA,NA,NA,NA,NA,NA,NA,NA,NA,NA,NA,21.47,29.16,11.2,NA,NA,NA,NA,NA,NA,NA,NA,NA
8_M09_2,8.M09.2,16.742,8,2,15,2,CommC,6/30/21,NA,NA,NA,NA,NA,1559.842389,0.003478311,NA,NA,0.626,NA,NA,NA,NA,NA,NA,NA,NA,NA,NA,NA,NA,NA,NA,NA,NA,NA,NA,NA,29.19,32.87,12.5,NA,NA,NA,NA,NA,NA,NA,NA,NA
8_M09_3,8.M09.3,15.2295,8,3,22,2,CommC,6/30/21,NA,NA,NA,NA,NA,2967.806882,0.01171861,NA,NA,0.581,NA,NA,NA,NA,NA,NA,NA,NA,NA,NA,NA,NA,NA,NA,NA,NA,NA,NA,NA,23.66,31.57,12.1,NA,NA,NA,NA,NA,NA,NA,0.770096123,46.63724312
8_M09_4,8.M09.4,10.5395,8,4,29,2,CommC,6/30/21,NA,NA,NA,NA,NA,1395.770958,0.008762123,NA,NA,0.797,NA,NA,NA,NA,NA,NA,NA,NA,NA,NA,NA,NA,NA,NA,NA,NA,NA,NA,NA,25.15,32.82,11.0,NA,NA,NA,NA,NA,NA,NA,NA,NA
8_M09_5,8.M09.5,9.5055,8,5,36,2,CommC,6/30/21,NA,NA,NA,NA,NA,982.6661283,0.005505692,NA,NA,0.797,NA,NA,NA,NA,NA,NA,NA,NA,NA,NA,NA,NA,NA,NA,NA,NA,NA,NA,NA,23.97,31.66,12.0,NA,NA,NA,NA,NA,NA,NA,0.487729251,47.30784019
8_M09_6,8.M09.6,17.218,8,6,43,2,CommC,6/30/21,NA,NA,NA,NA,NA,966.5937363,0.04068937,NA,NA,0.791,NA,NA,NA,NA,NA,NA,NA,NA,NA,NA,NA,NA,NA,NA,NA,NA,NA,NA,NA,24.01,31.89,12.9,NA,NA,NA,NA,NA,NA,NA,NA,NA
8_M09_7,8.M09.7,28.105,8,7,50,2,CommC,6/30/21,NA,NA,NA,NA,NA,1034.444481,0.036179139,NA,NA,0.803,NA,NA,NA,NA,NA,NA,NA,NA,NA,NA,NA,NA,NA,NA,NA,NA,NA,NA,NA,24.33,31.95,11.2,NA,NA,NA,NA,NA,NA,NA,NA,NA
8_M09_8,8.M09.8,24.195,8,8,55,2,CommC,6/30/21,NA,C,12,3,0,1209.201521,0.001430034,2.570065518,3.075093006,0.819,0.54355297,0.030618515,0.339713252,2.52,0.48,2.21,0.36,NA,NA,1.243039707,48.06973406,0.565063893,47.11365748,NA,NA,NA,NA,NA,NA,26.86,31.98,8.9,471.6917973,62280.04899,59758.29566,78608.10951,2470.275161,0.119861062,12237.58986,NA,NA
NA,NA,NA,9,0,1,2,CommC,7/14/21,NA,NA,1.111,3,NA,1737.632499,0.00406844,NA,NA,NA,NA,NA,NA,NA,NA,NA,NA,NA,NA,NA,NA,NA,NA,NA,NA,NA,NA,NA,NA,NA,NA,NA,NA,NA,NA,NA,NA,NA,NA,NA,NA
NA,NA,NA,9,1,8,2,CommC,7/14/21,NA,NA,NA,NA,NA,4031.608788,0.008997913,NA,NA,0.803,NA,NA,NA,NA,NA,NA,NA,NA,NA,NA,NA,NA,NA,NA,NA,NA,NA,NA,NA,NA,NA,NA,NA,NA,NA,NA,NA,NA,NA,NA,NA
NA,NA,NA,9,2,15,2,CommC,7/14/21,NA,NA,NA,NA,NA,1546.209367,0.008172219,NA,NA,0.785,NA,NA,NA,NA,NA,NA,NA,NA,NA,NA,NA,NA,NA,NA,NA,NA,NA,NA,NA,NA,NA,NA,NA,NA,NA,NA,NA,NA,NA,NA,NA
NA,NA,NA,9,3,22,2,CommC,7/14/21,NA,NA,NA,NA,NA,1297.699873,0.000411573,NA,NA,0.779,NA,NA,NA,NA,NA,NA,NA,NA,NA,NA,NA,NA,NA,NA,NA,NA,NA,NA,NA,NA,NA,NA,NA,NA,NA,NA,NA,NA,NA,0.713873326,46.24395164
NA,NA,NA,9,4,29,2,CommC,7/14/21,NA,NA,NA,NA,NA,1319.728699,0.017336817,NA,NA,0.755,NA,NA,NA,NA,NA,NA,NA,NA,NA,NA,NA,NA,NA,NA,NA,NA,NA,NA,NA,NA,NA,NA,NA,NA,NA,NA,NA,NA,NA,NA,NA
NA,NA,NA,9,5,36,2,CommC,7/14/21,NA,NA,NA,NA,NA,940.8730288,0.041023958,NA,NA,0.725,NA,NA,NA,NA,NA,NA,NA,NA,NA,NA,NA,NA,NA,NA,NA,NA,NA,NA,NA,NA,NA,NA,NA,NA,NA,NA,NA,NA,NA,NA,NA
NA,NA,NA,9,6,43,2,CommC,7/14/21,NA,NA,NA,NA,NA,755.2828815,0.01703632,NA,NA,0.762,NA,NA,NA,NA,NA,NA,NA,NA,NA,NA,NA,NA,NA,NA,NA,NA,NA,NA,NA,NA,NA,NA,NA,NA,NA,NA,NA,NA,NA,NA,NA
NA,NA,NA,9,7,50,2,CommC,7/14/21,NA,NA,NA,NA,NA,1028.309135,0.036439537,NA,NA,0.768,NA,NA,NA,NA,NA,NA,NA,NA,NA,NA,NA,NA,NA,NA,NA,NA,NA,NA,NA,NA,NA,NA,NA,NA,NA,NA,NA,NA,NA,NA,NA
NA,NA,NA,9,8,55,2,CommC,7/14/21,NA,NA,8.5,3,0,NA,NA,2.318418457,2.974899826,0.755,NA,NA,NA,1.2,0.18,1.73,0.22,NA,NA,1.724500398,47.33967348,0.773828685,47.13102961,NA,NA,NA,NA,NA,NA,NA,NA,NA,NA,NA,NA,NA,#VALUE!,0.133486776,12657.34427,NA,NA
NA,NA,NA,16,0,1,2,CommC,6/23/21,NA,NA,10,3,NA,452.0870024,0.000245926,NA,NA,NA,NA,NA,NA,NA,NA,NA,NA,NA,NA,NA,NA,NA,NA,NA,NA,NA,NA,NA,NA,NA,NA,NA,NA,NA,NA,NA,NA,NA,NA,NA,NA
16_M09_1,16.M09.1,20.6315,16,1,8,2,CommC,6/23/21,NA,NA,NA,NA,NA,1088.828673,0.00388891,NA,NA,0.756,NA,NA,NA,NA,NA,NA,NA,NA,NA,NA,NA,NA,NA,NA,NA,NA,NA,NA,NA,25.33,30.39,11.1,NA,NA,NA,NA,NA,NA,NA,NA,NA
16_M09_2,16.M09.2,15.0015,16,2,15,2,CommC,6/23/21,NA,NA,NA,NA,NA,1171.812191,0.00458567,NA,NA,0.677,NA,NA,NA,NA,NA,NA,NA,NA,NA,NA,NA,NA,NA,NA,NA,NA,NA,NA,NA,25.21,30.0,10.9,NA,NA,NA,NA,NA,NA,NA,NA,NA
16_M09_3,16.M09.3,48.417,16,3,22,2,CommC,6/23/21,NA,NA,NA,NA,NA,2020.078806,0.005143243,NA,NA,0.669,NA,NA,NA,NA,NA,NA,NA,NA,NA,NA,NA,NA,NA,NA,NA,NA,NA,NA,NA,22.55,28.85,11.3,NA,NA,NA,NA,NA,NA,NA,0.555556833,46.31181892
16_M09_4,16.M09.4,23.027,16,4,29,2,CommC,6/23/21,NA,NA,NA,NA,NA,3185.623165,0.00737531,NA,NA,0.586,NA,NA,NA,NA,NA,NA,NA,NA,NA,NA,NA,NA,NA,NA,NA,NA,NA,NA,NA,24.28,31.46,10.4,NA,NA,NA,NA,NA,NA,NA,NA,NA
16_M09_5,16.M09.5,24.792,16,5,36,2,CommC,6/23/21,NA,NA,NA,NA,NA,1553.77994,0.005488372,NA,NA,0.668,NA,NA,NA,NA,NA,NA,NA,NA,NA,NA,NA,NA,NA,NA,NA,NA,NA,NA,NA,28.91,30.87,10.3,NA,NA,NA,NA,NA,NA,NA,0.297675073,45.44946083
16_M09_6,16.M09.6,16.2505,16,6,43,2,CommC,6/23/21,NA,NA,NA,NA,NA,953.8633479,0.003070053,NA,NA,0.68,NA,NA,NA,NA,NA,NA,NA,NA,NA,NA,NA,NA,NA,NA,NA,NA,NA,NA,NA,24.15,29.72,10.7,NA,NA,NA,NA,NA,NA,NA,NA,NA
16_M09_7,16.M09.7,21.098,16,7,50,2,CommC,6/23/21,NA,NA,NA,NA,NA,645.0078437,0.035068597,NA,NA,0.693,NA,NA,NA,NA,NA,NA,NA,NA,NA,NA,NA,NA,NA,NA,NA,NA,NA,NA,NA,23.28,31.03,11.0,NA,NA,NA,NA,NA,NA,NA,NA,NA
16_M09_8,16.M09.8,37.55,16,8,55,2,CommC,6/23/21,5.4,LB,5,3,0,1838.055319,0.092579809,0.133721833,0.99745134,0.694,0.288164404,0.004766074,0.815903121,1.91,0.34,2.02,0.47,NA,NA,1.914851049,46.81026216,0.264289021,44.73670436,NA,NA,NA,NA,NA,NA,24.11,29.74,9.6,-70.93621245,52259.2443,80470.86358,NA,3355.908325,0.157445891,12909.13629,NA,NA
NA,NA,NA,19,0,1,2,CommC,6/30/21,NA,NA,5.555,4,NA,1368.425412,0.003403885,NA,NA,NA,NA,NA,NA,NA,NA,NA,NA,NA,NA,NA,NA,NA,NA,NA,NA,NA,NA,NA,NA,4.25,17.04,7.4,NA,NA,NA,NA,NA,NA,NA,NA,NA
19_M09_1,19.M09.1,54.614,19,1,8,2,CommC,6/30/21,NA,NA,NA,NA,NA,1143.172005,0.005858724,NA,NA,0.695,NA,NA,NA,NA,NA,NA,NA,NA,NA,NA,NA,NA,NA,NA,NA,NA,NA,NA,NA,22.49,31.23,10.8,NA,NA,NA,NA,NA,NA,NA,NA,NA
19_M09_2,19.M09.2,67.7745,19,2,15,2,CommC,6/30/21,NA,NA,NA,NA,NA,2097.43049,0.00422807,NA,NA,0.668,NA,NA,NA,NA,NA,NA,NA,NA,NA,NA,NA,NA,NA,NA,NA,NA,NA,NA,NA,29.67,33.66,12.9,NA,NA,NA,NA,NA,NA,NA,NA,NA
19_M09_3,19.M09.3,29.3995,19,3,22,2,CommC,6/30/21,NA,NA,NA,NA,NA,4870.608484,0.006012933,NA,NA,0.654,NA,NA,NA,NA,NA,NA,NA,NA,NA,NA,NA,NA,NA,NA,NA,NA,NA,NA,NA,28.59,34.62,12.3,NA,NA,NA,NA,NA,NA,NA,1.175608098,45.06158241
19_M09_4,19.M09.4,20.232,19,4,29,2,CommC,6/30/21,NA,NA,NA,NA,NA,3094.655689,0.021096014,NA,NA,0.64,NA,NA,NA,NA,NA,NA,NA,NA,NA,NA,NA,NA,NA,NA,NA,NA,NA,NA,NA,40.34,33.2,12.5,NA,NA,NA,NA,NA,NA,NA,NA,NA
19_M09_5,19.M09.5,18.9255,19,5,36,2,CommC,6/30/21,NA,NA,NA,NA,NA,2049.101478,0.020587635,NA,NA,0.639,NA,NA,NA,NA,NA,NA,NA,NA,NA,NA,NA,NA,NA,NA,NA,NA,NA,NA,NA,29.8,33.51,11.7,NA,NA,NA,NA,NA,NA,NA,NA,NA
19_M09_6,19.M09.6,17.2105,19,6,43,2,CommC,6/30/21,NA,NA,NA,NA,NA,1493.81134,0.040034135,NA,NA,0.615,NA,NA,NA,NA,NA,NA,NA,NA,NA,NA,NA,NA,NA,NA,NA,NA,NA,NA,NA,30.94,34.42,12.6,NA,NA,NA,NA,NA,NA,NA,NA,NA
19_M09_7,19.M09.7,24.3725,19,7,50,2,CommC,6/30/21,NA,NA,NA,NA,NA,1615.821607,0.01791962,NA,NA,0.68,NA,NA,NA,NA,NA,NA,NA,NA,NA,NA,NA,NA,NA,NA,NA,NA,NA,NA,NA,29.17,34.88,13.0,NA,NA,NA,NA,NA,NA,NA,NA,NA
19_M09_8,19.M09.8,9.4125,19,8,55,2,CommC,6/30/21,NA,DB,15,5,1,1466.250951,0.006061997,1.193233429,2.673340681,0.576,0.649059166,0.013335943,0.389446243,2.37,0.45,2.17,0.37,NA,NA,1.029748539,47.12878557,0.21632713,46.5385995,NA,NA,NA,NA,NA,NA,29.31,34.21,13.0,-131.2290403,48187.23029,41686.13491,62270.23905,1742.390164,0.125203013,19199.27745,NA,NA
NA,NA,NA,21,0,1,2,CommC,7/21/21,NA,NA,4.444,8,NA,3579.649691,0.011744051,3.11674359,NA,NA,NA,NA,NA,NA,NA,NA,NA,NA,NA,NA,NA,NA,NA,NA,NA,NA,NA,NA,NA,4.03,11.72,7.1,NA,NA,NA,NA,NA,NA,NA,NA,NA
21_M09_1,21.M09.1,11.534,21,1,8,2,CommC,7/21/21,NA,NA,NA,NA,NA,602.7855004,0.006719828,NA,NA,0.804,NA,NA,NA,NA,NA,NA,NA,NA,NA,NA,NA,NA,NA,NA,NA,NA,NA,NA,NA,17.18,25.04,10.0,NA,NA,NA,NA,NA,NA,NA,NA,NA
21_M09_2,21.M09.2,8.448,21,2,15,2,CommC,7/21/21,NA,NA,NA,NA,NA,1008.082891,0.00348135,NA,NA,0.811,NA,NA,NA,NA,NA,NA,NA,NA,NA,NA,NA,NA,NA,NA,NA,NA,NA,NA,NA,22.6,29.51,10.6,NA,NA,NA,NA,NA,NA,NA,NA,NA
21_M09_3,21.M09.3,4.1705,21,3,22,2,CommC,7/21/21,NA,NA,NA,NA,NA,920.0475089,0.068333046,NA,NA,0.797,NA,NA,NA,NA,NA,NA,NA,NA,NA,NA,NA,NA,NA,NA,NA,NA,NA,NA,NA,21.46,29.16,12.2,NA,NA,NA,NA,NA,NA,NA,1.142714202,46.05416664
21_M09_4,21.M09.4,8.2975,21,4,29,2,CommC,7/21/21,NA,NA,NA,NA,NA,749.2968848,0.032781557,NA,NA,0.788,NA,NA,NA,NA,NA,NA,NA,NA,NA,NA,NA,NA,NA,NA,NA,NA,NA,NA,NA,18.81,29.87,12.1,NA,NA,NA,NA,NA,NA,NA,NA,NA
21_M09_5,21.M09.5,5.26,21,5,36,2,CommC,7/21/21,NA,NA,NA,NA,NA,275.8545793,0.036284189,NA,NA,0.782,NA,NA,NA,NA,NA,NA,NA,NA,NA,NA,NA,NA,NA,NA,NA,NA,NA,NA,NA,22.96,24.54,12.1,NA,NA,NA,NA,NA,NA,NA,0.793916762,46.75273689
21_M09_6,21.M09.6,5.5565,21,6,43,2,CommC,7/21/21,NA,NA,NA,NA,NA,809.2511968,0.023230508,NA,NA,0.798,NA,NA,NA,NA,NA,NA,NA,NA,NA,NA,NA,NA,NA,NA,NA,NA,NA,NA,NA,23.5,30.07,11.5,NA,NA,NA,NA,NA,NA,NA,NA,NA
21_M09_7,21.M09.7,2.415,21,7,50,2,CommC,7/21/21,NA,NA,NA,NA,NA,NA,NA,NA,NA,0.777,NA,NA,NA,NA,NA,NA,NA,NA,NA,NA,NA,NA,NA,NA,NA,NA,NA,NA,NA,21.21,28.42,10.5,NA,NA,NA,NA,NA,NA,NA,NA,NA
NA,NA,NA,21,8,55,2,CommC,7/21/21,6.3,LB,1.5,10,2,978.3877996,0.114235647,1.51,1.33,0.77,0.190489747,0.005795048,0.205613322,2.22,0.38,3.09,0.49,NA,NA,1.326822738,48.02134081,0.280594646,47.03884745,NA,NA,NA,NA,NA,NA,23.04,29.04,9.9,-180.4878786,79445.85692,89895.3349,96176.69771,3753.159283,0.296810177,8923.356052,NA,NA
NA,NA,NA,28,0,1,2,CommC,6/23/21,NA,NA,10,3,NA,313.7957696,0.002825371,NA,NA,NA,NA,NA,NA,NA,NA,NA,NA,NA,NA,NA,NA,NA,NA,NA,NA,NA,NA,NA,NA,NA,NA,NA,NA,NA,NA,NA,NA,NA,NA,NA,NA
28_M09_1,28.M09.1,34.764,28,1,8,2,CommC,6/23/21,NA,NA,NA,NA,NA,1125.796642,0.004380473,NA,NA,0.554,NA,NA,NA,NA,NA,NA,NA,NA,NA,NA,NA,NA,NA,NA,NA,NA,NA,NA,NA,24.45,29.26,10.1,NA,NA,NA,NA,NA,NA,NA,NA,NA
28_M09_2,28.M09.2,34.9315,28,2,15,2,CommC,6/23/21,NA,NA,NA,NA,NA,1110.895888,0.018716566,NA,NA,0.471,NA,NA,NA,NA,NA,NA,NA,NA,NA,NA,NA,NA,NA,NA,NA,NA,NA,NA,NA,24.6,29.6,9.4,NA,NA,NA,NA,NA,NA,NA,NA,NA
28_M09_3,28.M09.3,50.277,28,3,22,2,CommC,6/23/21,NA,NA,NA,NA,NA,1997.469338,0.015302294,NA,NA,0.396,NA,NA,NA,NA,NA,NA,NA,NA,NA,NA,NA,NA,NA,NA,NA,NA,NA,NA,NA,26.33,29.4,9.4,NA,NA,NA,NA,NA,NA,NA,0.56187123,46.13489199
28_M09_4,28.M09.4,38.1845,28,4,29,2,CommC,6/23/21,NA,NA,NA,NA,NA,3010.752253,0.018837668,NA,NA,0.421,NA,NA,NA,NA,NA,NA,NA,NA,NA,NA,NA,NA,NA,NA,NA,NA,NA,NA,NA,26.59,28.44,9.6,NA,NA,NA,NA,NA,NA,NA,NA,NA
28_M09_5,28.M09.5,21.132,28,5,36,2,CommC,6/23/21,NA,NA,NA,NA,NA,1343.82485,0.013790323,NA,NA,0.464,NA,NA,NA,NA,NA,NA,NA,NA,NA,NA,NA,NA,NA,NA,NA,NA,NA,NA,NA,26.06,30.51,10.5,NA,NA,NA,NA,NA,NA,NA,0.541724741,46.51974917
28_M09_6,28.M09.6,51.023,28,6,43,2,CommC,6/23/21,NA,NA,NA,NA,NA,792.2776304,0.008029224,NA,NA,0.57,NA,NA,NA,NA,NA,NA,NA,NA,NA,NA,NA,NA,NA,NA,NA,NA,NA,NA,NA,26.26,27.97,9,NA,NA,NA,NA,NA,NA,NA,NA,NA
28_M09_7,28.M09.7,4.123,28,7,50,2,CommC,6/23/21,NA,NA,NA,NA,NA,675.6103079,0.06551163,NA,NA,0.508,NA,NA,NA,NA,NA,NA,NA,NA,NA,NA,NA,NA,NA,NA,NA,NA,NA,NA,NA,24.75,29.19,9.1,NA,NA,NA,NA,NA,NA,NA,NA,NA
28_M09_8,28.M09.8,8.9825,28,8,55,2,CommC,6/23/21,6.6,DB,9.5,4,1,971.6422999,0.173872703,1.072044369,1.572450594,0.528,0.342707365,0.004830789,0.203606965,1.92,0.35,1.39,0.23,18.27,4.37,1.029870967,47.42779299,0.327325284,46.42834712,-0.224812133,45.57308721,0.03530659,45.25830221,0.046108918,46.86281728,26.92,29.35,8.5,-220.4248454,80348.95094,102824.8659,NA,4293.553782,0.321266251,11342.06498,NA,NA
NA,NA,NA,33,0,1,2,CommC,7/14/21,NA,NA,4.444,6,NA,1865.14235,0.009132254,2.85745349,NA,NA,NA,NA,NA,NA,NA,NA,NA,NA,NA,NA,NA,NA,NA,NA,NA,NA,NA,NA,NA,3.44,12.9,7.1,NA,NA,NA,NA,NA,NA,NA,NA,NA
33_M09_1,33.M09.1,19.0695,33,1,8,2,CommC,7/14/21,NA,NA,NA,NA,NA,2322.005911,0.004084303,NA,NA,0.806,NA,NA,NA,NA,NA,NA,NA,NA,NA,NA,NA,NA,NA,NA,NA,NA,NA,NA,NA,23.48,29.28,9.9,NA,NA,NA,NA,NA,NA,NA,NA,NA
33_M09_2,33.M09.2,25.2695,33,2,15,2,CommC,7/14/21,NA,NA,NA,NA,NA,1338.088109,0.006249897,NA,NA,0.794,NA,NA,NA,NA,NA,NA,NA,NA,NA,NA,NA,NA,NA,NA,NA,NA,NA,NA,NA,30.95,32.82,9.9,NA,NA,NA,NA,NA,NA,NA,NA,NA
33_M09_3,33.M09.3,16.6955,33,3,22,2,CommC,7/14/21,NA,NA,NA,NA,NA,1308.483791,0.00931257,NA,NA,0.786,NA,NA,NA,NA,NA,NA,NA,NA,NA,NA,NA,NA,NA,NA,NA,NA,NA,NA,NA,28.31,33.55,10.2,NA,NA,NA,NA,NA,NA,NA,0.65842992,46.631001
33_M09_4,33.M09.4,21.028,33,4,29,2,CommC,7/14/21,NA,NA,NA,NA,NA,1074.063887,0.024079071,NA,NA,0.769,NA,NA,NA,NA,NA,NA,NA,NA,NA,NA,NA,NA,NA,NA,NA,NA,NA,NA,NA,29.45,32.98,10.5,NA,NA,NA,NA,NA,NA,NA,NA,NA
33_M09_5,33.M09.5,26.4325,33,5,36,2,CommC,7/14/21,NA,NA,NA,NA,NA,957.2627249,0.018663816,NA,NA,0.755,NA,NA,NA,NA,NA,NA,NA,NA,NA,NA,NA,NA,NA,NA,NA,NA,NA,NA,NA,30.84,33.3,10.2,NA,NA,NA,NA,NA,NA,NA,0.623310268,47.01953936
33_M09_6,33.M09.6,2.604,33,6,43,2,CommC,7/14/21,NA,NA,NA,NA,NA,728.3909375,0.019336186,NA,NA,0.754,NA,NA,NA,NA,NA,NA,NA,NA,NA,NA,NA,NA,NA,NA,NA,NA,NA,NA,NA,29.31,33.08,10.4,NA,NA,NA,NA,NA,NA,NA,NA,NA
33_M09_7,33.M09.7,6.569,33,7,50,2,CommC,7/14/21,NA,NA,NA,NA,NA,1027.442328,0.012825545,NA,NA,0.795,NA,NA,NA,NA,NA,NA,NA,NA,NA,NA,NA,NA,NA,NA,NA,NA,NA,NA,NA,28.24,34.29,10.8,NA,NA,NA,NA,NA,NA,NA,NA,NA
33_M09_8,33.M09.8,36.369,33,8,55,2,CommC,7/14/21,6,LB,13.5,6,0,1381.298748,0.012912011,2.764885644,2.677726412,0.798,0.738627458,0.048757108,0.338091116,2.36,0.39,1.91,0.31,NA,NA,1.45201538,47.38792559,0.350932717,47.19017649,NA,NA,NA,NA,NA,NA,29.71,34.9,10.5,163.7760423,16302.07243,55077.66609,65980.55791,2288.078752,0.116595654,12002.17879,NA,NA
NA,NA,NA,41,0,1,2,CommC,7/7/21,NA,NA,1.111,8,NA,1510.391144,0.008072885,1.47208396,NA,NA,NA,NA,NA,NA,NA,NA,NA,NA,NA,NA,NA,NA,NA,NA,NA,NA,NA,NA,NA,2.59,8.41,4.8,NA,NA,NA,NA,NA,NA,NA,NA,NA
NA,NA,NA,41,1,8,2,CommC,7/7/21,NA,NA,NA,NA,NA,1361.511262,0.009213033,NA,NA,0.659,NA,NA,NA,NA,NA,NA,NA,NA,NA,NA,NA,NA,NA,NA,NA,NA,NA,NA,NA,15.32,20.42,7.5,NA,NA,NA,NA,NA,NA,NA,NA,NA
41_M09_2,41.M09.2,22.5945,41,2,15,2,CommC,7/7/21,NA,NA,NA,NA,NA,3314.58945,0.011322003,NA,NA,0.732,NA,NA,NA,NA,NA,NA,NA,NA,NA,NA,NA,NA,NA,NA,NA,NA,NA,NA,NA,19.82,22.74,7.3,NA,NA,NA,NA,NA,NA,NA,NA,NA
41_M09_3,41.M09.3,20.292,41,3,22,2,CommC,7/7/21,NA,NA,NA,NA,NA,3708.383234,0.007125308,NA,NA,0.653,NA,NA,NA,NA,NA,NA,NA,NA,NA,NA,NA,NA,NA,NA,NA,NA,NA,NA,NA,16.49,21.38,7.6,NA,NA,NA,NA,NA,NA,NA,0.458342135,45.7718854
41_M09_4,41.M09.4,7.508,41,4,29,2,CommC,7/7/21,NA,NA,NA,NA,NA,1091.253749,0.000439742,NA,NA,0.726,NA,NA,NA,NA,NA,NA,NA,NA,NA,NA,NA,NA,NA,NA,NA,NA,NA,NA,NA,20.17,22.07,7.5,NA,NA,NA,NA,NA,NA,NA,NA,NA
41_M09_5,41.M09.5,10.5205,41,5,36,2,CommC,7/7/21,NA,NA,NA,NA,NA,531.1848244,0.107431442,NA,NA,0.662,NA,NA,NA,NA,NA,NA,NA,NA,NA,NA,NA,NA,NA,NA,NA,NA,NA,NA,NA,18.28,21.67,7.5,NA,NA,NA,NA,NA,NA,NA,0.539282858,46.09075595
41_M09_6,41.M09.6,13.43,41,6,43,2,CommC,7/7/21,NA,NA,NA,NA,NA,497.007971,0.05270492,NA,NA,0.651,NA,NA,NA,NA,NA,NA,NA,NA,NA,NA,NA,NA,NA,NA,NA,NA,NA,NA,NA,18.89,21.45,7.5,NA,NA,NA,NA,NA,NA,NA,NA,NA
41_M09_7,41.M09.7,6.764,41,7,50,2,CommC,7/7/21,NA,NA,NA,NA,NA,367.6200062,0.01804266,NA,NA,0.717,NA,NA,NA,NA,NA,NA,NA,NA,NA,NA,NA,NA,NA,NA,NA,NA,NA,NA,NA,17.68,20.72,6.9,NA,NA,NA,NA,NA,NA,NA,NA,NA
41_M09_8,41.M09.8,4.4415,41,8,55,2,CommC,7/7/21,7.2,LB,2,11,3,1334.918775,0.042931791,0.252583692,0.720368296,0.776,0.361181948,0.014607816,0.322150731,1.26,0.18,0.86,0.12,14.25,2.45,2.230579475,47.09994265,0.408770263,47.13328028,-0.069817467,45.14352559,0.247124152,44.7267394,0.029831247,45.42559194,18.17,20.24,8.1,-43.63980045,NA,100922.9862,112446.8575,4206.942749,0.257283784,13716.86042,NA,NA
NA,NA,NA,47,0,1,2,CommC,6/23/21,NA,NA,3.33,4,NA,-6.449632226,6.12034E-05,NA,NA,NA,NA,NA,NA,NA,NA,NA,NA,NA,NA,NA,NA,NA,NA,NA,NA,NA,NA,NA,NA,NA,NA,NA,NA,NA,NA,NA,NA,NA,NA,NA,NA
47_M09_1,47.M09.1,34.054,47,1,8,2,CommC,6/23/21,NA,NA,NA,NA,NA,643.4976851,0.000697823,NA,NA,0.758,NA,NA,NA,NA,NA,NA,NA,NA,NA,NA,NA,NA,NA,NA,NA,NA,NA,NA,NA,13.88,18.57,7.7,NA,NA,NA,NA,NA,NA,NA,NA,NA
47_M09_2,47.M09.2,34.424,47,2,15,2,CommC,6/23/21,NA,NA,NA,NA,NA,775.8862581,0.000643368,NA,NA,0.719,NA,NA,NA,NA,NA,NA,NA,NA,NA,NA,NA,NA,NA,NA,NA,NA,NA,NA,NA,13.06,18.24,7.9,NA,NA,NA,NA,NA,NA,NA,NA,NA
47_M09_3,47.M09.3,6.242,47,3,22,2,CommC,6/23/21,NA,NA,NA,NA,NA,1102.306824,0.000971082,NA,NA,0.762,NA,NA,NA,NA,NA,NA,NA,NA,NA,NA,NA,NA,NA,NA,NA,NA,NA,NA,NA,14.19,18.72,7.7,NA,NA,NA,NA,NA,NA,NA,0.513926804,46.62538577
47_M09_4,47.M09.4,44.9045,47,4,29,2,CommC,6/23/21,NA,NA,NA,NA,NA,1532.250174,0.001485525,NA,NA,0.768,NA,NA,NA,NA,NA,NA,NA,NA,NA,NA,NA,NA,NA,NA,NA,NA,NA,NA,NA,13.1,19.45,7.8,NA,NA,NA,NA,NA,NA,NA,NA,NA
47_M09_5,47.M09.5,50.9795,47,5,36,2,CommC,6/23/21,NA,NA,NA,NA,NA,1359.858854,0.000820257,NA,NA,0.727,NA,NA,NA,NA,NA,NA,NA,NA,NA,NA,NA,NA,NA,NA,NA,NA,NA,NA,NA,15.44,19.22,8.0,NA,NA,NA,NA,NA,NA,NA,0.723021328,45.96783114
47_M09_6,47.M09.6,9.5755,47,6,43,2,CommC,6/23/21,NA,NA,NA,NA,NA,688.6666474,0.00147967,NA,NA,0.75,NA,NA,NA,NA,NA,NA,NA,NA,NA,NA,NA,NA,NA,NA,NA,NA,NA,NA,NA,13.77,18.23,7.6,NA,NA,NA,NA,NA,NA,NA,NA,NA
47_M09_7,47.M09.7,16.7305,47,7,50,2,CommC,6/23/21,NA,NA,NA,NA,NA,315.7432928,0.006623601,NA,NA,0.763,NA,NA,NA,NA,NA,NA,NA,NA,NA,NA,NA,NA,NA,NA,NA,NA,NA,NA,NA,15.82,17.76,7.9,NA,NA,NA,NA,NA,NA,NA,NA,NA
47_M09_8,47.M09.8,37.8525,47,8,55,2,CommC,6/23/21,6.6,LB,11,5,1,1229.131821,0.04385158,1.347175352,0,0.766,0.69963241,0.037540526,0.313395634,0.92,0.16,1.14,0.13,NA,NA,1.915093044,46.71767946,0.977919757,47.00834132,NA,NA,NA,NA,NA,NA,14.88,17.24,7.8,-128.1688185,55224.0501,72426.5052,NA,3023.111417,0.056634109,7640.891924,NA,NA
NA,NA,NA,49,0,1,2,CommC,6/23/21,NA,NA,8.89,5,NA,254.081398,0.001845004,NA,NA,NA,NA,NA,NA,NA,NA,NA,NA,NA,NA,NA,NA,NA,NA,NA,NA,NA,NA,NA,NA,NA,NA,NA,NA,NA,NA,NA,NA,NA,NA,NA,NA
49_M09_1,49.M09.1,22.8165,49,1,8,2,CommC,6/23/21,NA,NA,NA,NA,NA,1083.749453,0.002499405,NA,NA,0.812,NA,NA,NA,NA,NA,NA,NA,NA,NA,NA,NA,NA,NA,NA,NA,NA,NA,NA,NA,20.46,25.57,9.5,NA,NA,NA,NA,NA,NA,NA,NA,NA
49_M09_2,49.M09.2,33.4665,49,2,15,2,CommC,6/23/21,NA,NA,NA,NA,NA,632.8933798,0.002290902,NA,NA,0.795,NA,NA,NA,NA,NA,NA,NA,NA,NA,NA,NA,NA,NA,NA,NA,NA,NA,NA,NA,23.32,24.28,8.0,NA,NA,NA,NA,NA,NA,NA,NA,NA
49_M09_3,49.M09.3,20.1845,49,3,22,2,CommC,6/23/21,NA,NA,NA,NA,NA,639.2727091,0.000475805,NA,NA,0.781,NA,NA,NA,NA,NA,NA,NA,NA,NA,NA,NA,NA,NA,NA,NA,NA,NA,NA,NA,22.78,23.39,9.5,NA,NA,NA,NA,NA,NA,NA,0.238334059,46.24319888
49_M09_4,49.M09.4,13.557,49,4,29,2,CommC,6/23/21,NA,NA,NA,NA,NA,1515.112811,0.000721931,NA,NA,0.795,NA,NA,NA,NA,NA,NA,NA,NA,NA,NA,NA,NA,NA,NA,NA,NA,NA,NA,NA,22.97,NA,9.0,NA,NA,NA,NA,NA,NA,NA,NA,NA
49_M09_5,49.M09.5,22.824,49,5,36,2,CommC,6/23/21,NA,NA,NA,NA,NA,1580.367836,0.001426176,NA,NA,0.799,NA,NA,NA,NA,NA,NA,NA,NA,NA,NA,NA,NA,NA,NA,NA,NA,NA,NA,NA,22.22,22.37,9.0,NA,NA,NA,NA,NA,NA,NA,0.816342771,47.66928912
49_M09_6,49.M09.6,40.608,49,6,43,2,CommC,6/23/21,NA,NA,NA,NA,NA,603.5201315,0.002026073,NA,NA,0.78,NA,NA,NA,NA,NA,NA,NA,NA,NA,NA,NA,NA,NA,NA,NA,NA,NA,NA,NA,22.13,22.55,9.1,NA,NA,NA,NA,NA,NA,NA,NA,NA
49_M09_7,49.M09.7,22.18,49,7,50,2,CommC,6/23/21,NA,NA,10,NA,NA,445.4357919,0.008026514,NA,NA,0.798,NA,NA,NA,NA,NA,NA,NA,NA,NA,NA,NA,NA,NA,NA,NA,NA,NA,NA,NA,21.67,21.4,9.9,NA,NA,NA,NA,NA,NA,NA,NA,NA
49_M09_8_R,49.M09.8.R,29.8965,49,8,55,2,CommC,6/23/21,5.4,LB,,10,5,1226.757315,0.030090471,3.407332484,2.385167169,0.808,0.472605481,0.031052063,0.271572236,1.58,0.25,2.53,0.39,27.25,5.24,1.703669528,47.90747972,0.353435337,47.56390238,0.017184215,46.07361364,NA,NA,0.189776855,45.17876958,20.89,21.9,9,-53.00888031,45183.80842,66633.6782,NA,2778.611962,0.049402279,7981.190825,NA,NA
NA,NA,NA,51,0,1,2,CommC,7/7/21,NA,NA,3.333,5,NA,1181.954524,0.007534514,3.96848363,NA,NA,NA,NA,NA,NA,NA,NA,NA,NA,NA,NA,NA,NA,NA,NA,NA,NA,NA,NA,NA,2.42,11.45,6.4,NA,NA,NA,NA,NA,NA,NA,NA,NA
NA,NA,NA,51,1,8,2,CommC,7/7/21,NA,NA,NA,NA,NA,3891.55891,0.005982649,NA,NA,0.771,NA,NA,NA,NA,NA,NA,NA,NA,NA,NA,NA,NA,NA,NA,NA,NA,NA,NA,NA,17.67,27.9,10.5,NA,NA,NA,NA,NA,NA,NA,NA,NA
NA,NA,NA,51,2,15,2,CommC,7/7/21,NA,NA,NA,NA,NA,1639.176415,0.000702799,NA,NA,0.745,NA,NA,NA,NA,NA,NA,NA,NA,NA,NA,NA,NA,NA,NA,NA,NA,NA,NA,NA,24.34,33.54,10.9,NA,NA,NA,NA,NA,NA,NA,NA,NA
NA,NA,NA,51,3,22,2,CommC,7/7/21,NA,NA,NA,NA,NA,2419.127459,0.000470151,NA,NA,0.747,NA,NA,NA,NA,NA,NA,NA,NA,NA,NA,NA,NA,NA,NA,NA,NA,NA,NA,NA,27.91,32.68,10.6,NA,NA,NA,NA,NA,NA,NA,0.264977216,46.01194049
NA,NA,NA,51,4,29,2,CommC,7/7/21,NA,NA,NA,NA,NA,689.4064375,0.000485106,NA,NA,0.741,NA,NA,NA,NA,NA,NA,NA,NA,NA,NA,NA,NA,NA,NA,NA,NA,NA,NA,NA,26.58,33.39,11.5,NA,NA,NA,NA,NA,NA,NA,NA,NA
NA,NA,NA,51,5,36,2,CommC,7/7/21,NA,NA,NA,NA,NA,712.8107353,0.068034667,NA,NA,0.737,NA,NA,NA,NA,NA,NA,NA,NA,NA,NA,NA,NA,NA,NA,NA,NA,NA,NA,NA,26.02,33.3,10.5,NA,NA,NA,NA,NA,NA,NA,0.373871684,45.36488772
NA,NA,NA,51,6,43,2,CommC,7/7/21,NA,NA,NA,NA,NA,1480.655588,0.078641464,NA,NA,0.735,NA,NA,NA,NA,NA,NA,NA,NA,NA,NA,NA,NA,NA,NA,NA,NA,NA,NA,NA,26.39,34.63,11.5,NA,NA,NA,NA,NA,NA,NA,NA,NA
NA,NA,NA,51,7,50,2,CommC,7/7/21,NA,NA,5,NA,NA,367.4996788,0.053849786,NA,NA,0.765,NA,NA,NA,NA,NA,NA,NA,NA,NA,NA,NA,NA,NA,NA,NA,NA,NA,NA,NA,25.49,33.34,10.6,NA,NA,NA,NA,NA,NA,NA,NA,NA
NA,NA,NA,51,8,55,2,CommC,7/7/21,7.2,LB,,7,2,1813.875638,0.044993294,1.8159631,1.4231744,0.759,0.393470024,0.002036695,0.154810966,2.52,0.41,3.03,0.44,NA,NA,1.316728572,47.12635561,0.20446062,46.77229167,NA,NA,NA,NA,NA,NA,25.86,33.17,10.2,-162.8741215,NA,104698.8993,97106.9865,4369.240559,0.26069443,14196.06539,NA,NA
NA,NA,NA,4,0,1,1,WATER,7/14/21,NA,NA,2.5,4,NA,0.470809506,2.91112E-05,3.35040424,NA,NA,NA,NA,NA,NA,NA,NA,NA,NA,NA,NA,NA,NA,NA,NA,NA,NA,NA,NA,NA,3.66,10.03,6.8,NA,NA,NA,NA,NA,NA,NA,NA,NA
4_WATER_1,4.WATER.1,-0.051,4,1,8,1,WATER,7/14/21,NA,NA,NA,NA,NA,1.055641736,3.60515E-05,NA,NA,0.762,NA,NA,NA,NA,NA,NA,NA,NA,NA,NA,NA,NA,NA,NA,NA,NA,NA,NA,NA,13.13,21.63,9.0,NA,NA,NA,NA,NA,NA,NA,NA,NA
4_WATER_2,4.WATER.2,-0.0855,4,2,15,1,WATER,7/14/21,NA,NA,NA,NA,NA,3.325491873,0.000104345,NA,NA,0.767,NA,NA,NA,NA,NA,NA,NA,NA,NA,NA,NA,NA,NA,NA,NA,NA,NA,NA,NA,18.24,25.55,10.1,NA,NA,NA,NA,NA,NA,NA,NA,NA
4_WATER_3,4.WATER.3,-0.1195,4,3,22,1,WATER,7/14/21,NA,NA,NA,NA,NA,23.85931011,2.43143E-05,NA,NA,0.762,NA,NA,NA,NA,NA,NA,NA,NA,NA,NA,NA,NA,NA,NA,NA,NA,NA,NA,NA,20.21,26.33,10.1,NA,NA,NA,NA,NA,NA,NA,0.327627003,45.74595055
4_WATER_4,4.WATER.4,-0.137,4,4,29,1,WATER,7/14/21,NA,NA,NA,NA,NA,1.43492814,0.000391201,NA,NA,0.747,NA,NA,NA,NA,NA,NA,NA,NA,NA,NA,NA,NA,NA,NA,NA,NA,NA,NA,NA,17.18,26.69,9.2,NA,NA,NA,NA,NA,NA,NA,NA,NA
4_WATER_5,4.WATER.5,-0.205,4,5,36,1,WATER,7/14/21,NA,NA,NA,NA,NA,11.08426654,0.00023204,NA,NA,0.756,NA,NA,NA,NA,NA,NA,NA,NA,NA,NA,NA,NA,NA,NA,NA,NA,NA,NA,NA,19.1,26.04,9.3,NA,NA,NA,NA,NA,NA,NA,NA,NA
4_WATER_6,4.WATER.6,-0.1325,4,6,43,1,WATER,7/14/21,NA,NA,NA,NA,NA,2.364228916,0.000261329,NA,NA,0.801,NA,NA,NA,NA,NA,NA,NA,NA,NA,NA,NA,NA,NA,NA,NA,NA,NA,NA,NA,20.11,26.37,10.2,NA,NA,NA,NA,NA,NA,NA,NA,NA
4_WATER_7,4.WATER.7,-0.23,4,7,50,1,WATER,7/14/21,NA,NA,NA,NA,NA,7.030144064,0.000237172,NA,NA,0.752,NA,NA,NA,NA,NA,NA,NA,NA,NA,NA,NA,NA,NA,NA,NA,NA,NA,NA,NA,17.01,26.71,9.2,NA,NA,NA,NA,NA,NA,NA,NA,NA
4_WATER_8,4.WATER.8,0.289,4,8,55,1,WATER,7/14/21,7.2,C,15,4,0,14.11766215,0.000369688,2.688773677,1.555377397,0.737,0.439693725,0.000457073,0.323434497,1.58,0.31,2.52,0.44,NA,NA,0.819614986,45.75465532,0.24750477,47.16122294,NA,NA,NA,NA,NA,NA,19.46,27.03,10.0,118.9440178,551.1776565,13369.44663,34683.7315,552.1042754,0.001685252,64.74248304,NA,NA
NA,NA,NA,6,0,1,2,WATER,7/7/21,NA,NA,2.5,7,NA,0.344901631,2.91494E-05,0.38530773,NA,NA,NA,NA,NA,NA,NA,NA,NA,NA,NA,NA,NA,NA,NA,NA,NA,NA,NA,NA,NA,2.22,9.93,4.3,NA,NA,NA,NA,NA,NA,NA,NA,NA
NA,NA,NA,6,1,8,2,WATER,7/7/21,NA,NA,NA,NA,NA,0.811109641,3.58589E-05,NA,NA,0.777,NA,NA,NA,NA,NA,NA,NA,NA,NA,NA,NA,NA,NA,NA,NA,NA,NA,NA,NA,12.72,22.32,7.7,NA,NA,NA,NA,NA,NA,NA,NA,NA
6_WATER_2,6.WATER.2,-0.118,6,2,15,2,WATER,7/7/21,NA,NA,NA,NA,NA,14.38037512,3.36753E-05,NA,NA,0.766,NA,NA,NA,NA,NA,NA,NA,NA,NA,NA,NA,NA,NA,NA,NA,NA,NA,NA,NA,22.16,31.44,9.3,NA,NA,NA,NA,NA,NA,NA,NA,NA
6_WATER_3,6.WATER.3,-0.0855,6,3,22,2,WATER,7/7/21,NA,NA,NA,NA,NA,1.053250642,2.90619E-05,NA,NA,0.842,NA,NA,NA,NA,NA,NA,NA,NA,NA,NA,NA,NA,NA,NA,NA,NA,NA,NA,NA,23.55,31.3,9.2,NA,NA,NA,NA,NA,NA,NA,NA,46.88103533
6_WATER_4,6.WATER.4,-0.2295,6,4,29,2,WATER,7/7/21,NA,NA,NA,NA,NA,2.370789109,-5.41367E-05,NA,NA,0.766,NA,NA,NA,NA,NA,NA,NA,NA,NA,NA,NA,NA,NA,NA,NA,NA,NA,NA,NA,21.25,33.17,9.3,NA,NA,NA,NA,NA,NA,NA,NA,NA
6_WATER_5,6.WATER.5,-0.252,6,5,36,2,WATER,7/7/21,NA,NA,NA,NA,NA,0.404621321,0.000280857,NA,NA,0.766,NA,NA,NA,NA,NA,NA,NA,NA,NA,NA,NA,NA,NA,NA,NA,NA,NA,NA,NA,20.58,29.93,9.2,NA,NA,NA,NA,NA,NA,NA,0.6239174,47.67373706
6_WATER_6,6.WATER.6,-0.2425,6,6,43,2,WATER,7/7/21,NA,NA,NA,NA,NA,1.485520259,0.00021501,NA,NA,0.77,NA,NA,NA,NA,NA,NA,NA,NA,NA,NA,NA,NA,NA,NA,NA,NA,NA,NA,NA,23.52,30.23,9.1,NA,NA,NA,NA,NA,NA,NA,NA,NA
6_WATER_7,6.WATER.7,-0.245,6,7,50,2,WATER,7/7/21,NA,NA,NA,NA,NA,0.421655664,0.000207989,NA,NA,0.718,NA,NA,NA,NA,NA,NA,NA,NA,NA,NA,NA,NA,NA,NA,NA,NA,NA,NA,NA,22.15,28.9,9.5,NA,NA,NA,NA,NA,NA,NA,NA,NA
6_WATER_8,6.WATER.8,0.249,6,8,55,2,WATER,7/7/21,6.9,C,NA,7,0,3.224351643,0.000129341,0.201872188,0.461356004,0.719,0.852641377,0.033087399,0.157867421,1.38,0.22,0.71,0.15,14.99,2.99,0.7860773,47.45188662,0.305486738,46.96864176,-0.299853606,46.0074439,0.066764073,45.61836385,0.063355463,46.71154546,24.2,31.61,9.5,-251.6399207,NA,2376.965782,26589.40853,109.5252376,0.000906806,24.49657503,NA,NA
NA,NA,NA,11,0,1,3,WATER,7/28/21,NA,NA,4,NA,NA,0.566723695,6.57179E-07,2.53081136,NA,NA,NA,NA,NA,NA,NA,NA,NA,NA,NA,NA,NA,NA,NA,NA,NA,NA,NA,NA,NA,1.97,11.3,6.5,NA,NA,NA,NA,NA,NA,NA,NA,NA
NA,NA,NA,11,1,8,3,WATER,7/28/21,NA,NA,NA,NA,NA,0.723927088,-8.81295E-06,NA,NA,0.779,NA,NA,NA,NA,NA,NA,NA,NA,NA,NA,NA,NA,NA,NA,NA,NA,NA,NA,NA,17.12,24.65,9.9,NA,NA,NA,NA,NA,NA,NA,NA,NA
NA,NA,NA,11,2,15,3,WATER,7/28/21,NA,NA,NA,NA,NA,0.850159405,0.000316449,NA,NA,0.778,NA,NA,NA,NA,NA,NA,NA,NA,NA,NA,NA,NA,NA,NA,NA,NA,NA,NA,NA,29.26,34.54,9.9,NA,NA,NA,NA,NA,NA,NA,NA,NA
NA,NA,NA,11,3,22,3,WATER,7/28/21,NA,NA,NA,NA,NA,2.007901009,0.000204898,NA,NA,0.786,NA,NA,NA,NA,NA,NA,NA,NA,NA,NA,NA,NA,NA,NA,NA,NA,NA,NA,NA,25.51,34.34,11.6,NA,NA,NA,NA,NA,NA,NA,1.157576501,48.36868334
NA,NA,NA,11,4,29,3,WATER,7/28/21,NA,NA,NA,NA,NA,0.287562025,0.000201618,NA,NA,0.781,NA,NA,NA,NA,NA,NA,NA,NA,NA,NA,NA,NA,NA,NA,NA,NA,NA,NA,NA,28.16,33.88,11.6,NA,NA,NA,NA,NA,NA,NA,NA,NA
NA,NA,NA,11,5,36,3,WATER,7/28/21,NA,NA,NA,NA,NA,1.438111936,0.000148782,NA,NA,0.774,NA,NA,NA,NA,NA,NA,NA,NA,NA,NA,NA,NA,NA,NA,NA,NA,NA,NA,NA,27.43,32.14,12.8,NA,NA,NA,NA,NA,NA,NA,0.471635878,46.8356824
NA,NA,NA,11,6,43,3,WATER,7/28/21,NA,NA,NA,NA,NA,NA,NA,NA,NA,0.783,NA,NA,NA,NA,NA,NA,NA,NA,NA,NA,NA,NA,NA,NA,NA,NA,NA,NA,NA,25.55,33.97,10.1,NA,NA,NA,NA,NA,NA,NA,NA,NA
NA,NA,NA,11,7,50,3,WATER,7/28/21,NA,NA,NA,NA,NA,5.106338832,0.000268352,NA,NA,0.783,NA,NA,NA,NA,NA,NA,NA,NA,NA,NA,NA,NA,NA,NA,NA,NA,NA,NA,NA,27.15,32.72,10.1,NA,NA,NA,NA,NA,NA,NA,NA,NA
NA,NA,NA,11,8,55,3,WATER,7/28/21,6.6,C,7.5,5,NA,NA,NA,1.35,1.12,0.774,0.500186706,0.000730565,0.313864477,2.15,0.34,2.36,0.47,NA,NA,0.565258423,47.37513872,0.201330423,46.7783227,NA,NA,NA,NA,NA,NA,NA,NA,NA,115.6703286,598.8222108,1246.117086,51836.12747,47.10194822,0.001131943,10.98072399,NA,NA
NA,NA,NA,12,0,1,3,WATER,6/23/21,NA,NA,10,6,NA,485.1942723,0.000569748,NA,NA,NA,NA,NA,NA,NA,NA,NA,NA,NA,NA,NA,NA,NA,NA,NA,NA,NA,NA,NA,NA,NA,NA,NA,NA,NA,NA,NA,NA,NA,NA,NA,NA
12_WATER_1,12.WATER.1,-0.0485,12,1,8,3,WATER,6/23/21,NA,NA,NA,NA,NA,0.408230881,-8.65857E-05,NA,NA,0.692,NA,NA,NA,NA,NA,NA,NA,NA,NA,NA,NA,NA,NA,NA,NA,NA,NA,NA,NA,20.17,24.69,9,NA,NA,NA,NA,NA,NA,NA,NA,NA
12_WATER_2,12.WATER.2,-0.046,12,2,15,3,WATER,6/23/21,NA,NA,NA,NA,NA,1.05695661,3.80726E-05,NA,NA,0.765,NA,NA,NA,NA,NA,NA,NA,NA,NA,NA,NA,NA,NA,NA,NA,NA,NA,NA,NA,18.75,24.31,9.0,NA,NA,NA,NA,NA,NA,NA,NA,NA
12_WATER_3,12.WATER.3,-0.123,12,3,22,3,WATER,6/23/21,NA,NA,NA,NA,NA,1.858233891,0.000212261,NA,NA,0.794,NA,NA,NA,NA,NA,NA,NA,NA,NA,NA,NA,NA,NA,NA,NA,NA,NA,NA,NA,21.18,24.82,9.4,NA,NA,NA,NA,NA,NA,NA,0.151831269,46.27034554
12_WATER_4,12.WATER.4,-0.1155,12,4,29,3,WATER,6/23/21,NA,NA,NA,NA,NA,10.75607596,2.76531E-05,NA,NA,0.722,NA,NA,NA,NA,NA,NA,NA,NA,NA,NA,NA,NA,NA,NA,NA,NA,NA,NA,NA,18.1,21.93,9.1,NA,NA,NA,NA,NA,NA,NA,NA,NA
12_WATER_5,12.WATER.5,-0.128,12,5,36,3,WATER,6/23/21,NA,NA,NA,NA,NA,1.27780154,6.10447E-05,NA,NA,0.75,NA,NA,NA,NA,NA,NA,NA,NA,NA,NA,NA,NA,NA,NA,NA,NA,NA,NA,NA,21.79,23.87,9.2,NA,NA,NA,NA,NA,NA,NA,NA,NA
12_WATER_6,12.WATER.6,-0.222,12,6,43,3,WATER,6/23/21,NA,NA,NA,NA,NA,11.80347254,-2.67929E-05,NA,NA,0.764,NA,NA,NA,NA,NA,NA,NA,NA,NA,NA,NA,NA,NA,NA,NA,NA,NA,NA,NA,20.58,22.8,8.9,NA,NA,NA,NA,NA,NA,NA,NA,NA
12_WATER_7,12.WATER.7,-0.1595,12,7,50,3,WATER,6/23/21,NA,NA,NA,NA,NA,0.702404428,0.000291284,NA,NA,0.637,NA,NA,NA,NA,NA,NA,NA,NA,NA,NA,NA,NA,NA,NA,NA,NA,NA,NA,NA,21.11,23.63,8.2,NA,NA,NA,NA,NA,NA,NA,NA,NA
12_WATER_8,12.WATER.8,-0.255,12,8,55,3,WATER,6/23/21,6.9,C,12,7,1,0.013369967,0.000265434,1.295357469,1.021863641,0.684,0.524798136,0.000421091,0.430960287,1.09,0.2,1.19,0.2,9.08,1.68,0.879762689,47.12853762,0.137251436,46.40580989,-0.076529367,44.58866643,-0.14936219,40.10716771,2.87771E-06,44.71410512,19.08,25.43,8.3,109.8245622,7316.649167,46471.27682,NA,1931.727177,0.001352119,513.0708181,NA,NA
NA,NA,NA,23,0,1,3,WATER,6/23/21,NA,NA,3.33,9,NA,-5.795825237,-3.11581E-05,NA,NA,NA,NA,NA,NA,NA,NA,NA,NA,NA,NA,NA,NA,NA,NA,NA,NA,NA,NA,NA,NA,NA,NA,NA,NA,NA,NA,NA,NA,NA,NA,NA,NA
23_WATER_1,23.WATER.1,0.3665,23,1,8,3,WATER,6/23/21,NA,NA,NA,NA,NA,8.535984847,-3.56571E-05,NA,NA,0.786,NA,NA,NA,NA,NA,NA,NA,NA,NA,NA,NA,NA,NA,NA,NA,NA,NA,NA,NA,14.38,17.89,8.1,NA,NA,NA,NA,NA,NA,NA,NA,NA
23_WATER_2,23.WATER.2,0.054,23,2,15,3,WATER,6/23/21,NA,NA,NA,NA,NA,15.70192488,3.24212E-05,NA,NA,0.78,NA,NA,NA,NA,NA,NA,NA,NA,NA,NA,NA,NA,NA,NA,NA,NA,NA,NA,NA,NA,11.94,8.7,NA,NA,NA,NA,NA,NA,NA,NA,NA
23_WATER_3,23.WATER.3,-0.013,23,3,22,3,WATER,6/23/21,NA,NA,NA,NA,NA,3.035257655,4.41488E-05,NA,NA,0.777,NA,NA,NA,NA,NA,NA,NA,NA,NA,NA,NA,NA,NA,NA,NA,NA,NA,NA,NA,14.62,16.18,8.5,NA,NA,NA,NA,NA,NA,NA,0.325470864,46.70174583
23_WATER_4,23.WATER.4,-0.103,23,4,29,3,WATER,6/23/21,NA,NA,NA,NA,NA,12.21032688,6.68591E-05,NA,NA,0.766,NA,NA,NA,NA,NA,NA,NA,NA,NA,NA,NA,NA,NA,NA,NA,NA,NA,NA,NA,16.06,16.38,8.9,NA,NA,NA,NA,NA,NA,NA,NA,NA
23_WATER_5,23.WATER.5,-0.2095,23,5,36,3,WATER,6/23/21,NA,NA,NA,NA,NA,1.438195038,2.77719E-05,NA,NA,0.771,NA,NA,NA,NA,NA,NA,NA,NA,NA,NA,NA,NA,NA,NA,NA,NA,NA,NA,NA,14.7,16.58,9.1,NA,NA,NA,NA,NA,NA,NA,0.27070558,47.08064064
23_WATER_6,23.WATER.6,-0.242,23,6,43,3,WATER,6/23/21,NA,NA,NA,NA,NA,5.337159668,-7.50281E-05,NA,NA,0.776,NA,NA,NA,NA,NA,NA,NA,NA,NA,NA,NA,NA,NA,NA,NA,NA,NA,NA,NA,13.02,16.25,8.7,NA,NA,NA,NA,NA,NA,NA,NA,NA
23_WATER_7,23.WATER.7,-0.215,23,7,50,3,WATER,6/23/21,NA,NA,NA,NA,NA,1.090545386,0.000331109,NA,NA,0.818,NA,NA,NA,NA,NA,NA,NA,NA,NA,NA,NA,NA,NA,NA,NA,NA,NA,NA,NA,14.6,17.22,8.5,NA,NA,NA,NA,NA,NA,NA,NA,NA
23_WATER_8,23.WATER.8,-0.23,23,8,55,3,WATER,6/23/21,6.3,C,9,9,0,-0.041446898,0.000328405,3.155150063,2.743343272,0.78,0.369867298,0.001167555,0.878674631,0.72,0.13,1.19,0.2,16.01,2.8,1.420268754,47.87277742,0.469519793,47.19006587,NA,NA,NA,NA,NA,NA,14.65,14.81,9.2,137.0799305,6415.675181,43555.85602,NA,1809.11567,0.000688872,41.51212223,NA,NA
NA,NA,NA,36,0,1,2,WATER,6/30/21,NA,NA,1.11,4,NA,0.038684086,-4.12146E-05,NA,NA,NA,NA,NA,NA,NA,NA,NA,NA,NA,NA,NA,NA,NA,NA,NA,NA,NA,NA,NA,NA,3.8,7.32,3.5,NA,NA,NA,NA,NA,NA,NA,NA,NA
NA,NA,NA,36,1,8,2,WATER,6/30/21,NA,NA,NA,NA,NA,0.212503908,-2.91494E-05,NA,NA,0.728,NA,NA,NA,NA,NA,NA,NA,NA,NA,NA,NA,NA,NA,NA,NA,NA,NA,NA,NA,10.01,17.18,6.9,NA,NA,NA,NA,NA,NA,NA,NA,NA
36_WATER_2,36.WATER.2,-0.0905,36,2,15,2,WATER,6/30/21,NA,NA,NA,NA,NA,1.708818957,1.63871E-05,NA,NA,0.775,NA,NA,NA,NA,NA,NA,NA,NA,NA,NA,NA,NA,NA,NA,NA,NA,NA,NA,NA,17.94,22.37,7.8,NA,NA,NA,NA,NA,NA,NA,NA,NA
36_WATER_3,36.WATER.3,-0.093,36,3,22,2,WATER,6/30/21,NA,NA,NA,NA,NA,8.83878701,3.13812E-05,NA,NA,0.743,NA,NA,NA,NA,NA,NA,NA,NA,NA,NA,NA,NA,NA,NA,NA,NA,NA,NA,NA,18.62,21.89,9.0,NA,NA,NA,NA,NA,NA,NA,0.497504055,47.00616503
36_WATER_4,36.WATER.4,-0.0505,36,4,29,2,WATER,6/30/21,NA,NA,NA,NA,NA,515.3443114,-1.47013E-05,NA,NA,0.746,NA,NA,NA,NA,NA,NA,NA,NA,NA,NA,NA,NA,NA,NA,NA,NA,NA,NA,NA,24.48,23.11,9.2,NA,NA,NA,NA,NA,NA,NA,NA,NA
36_WATER_5,36.WATER.5,-0.232,36,5,36,2,WATER,6/30/21,NA,NA,NA,NA,NA,2.716889709,-4.76057E-06,NA,NA,0.716,NA,NA,NA,NA,NA,NA,NA,NA,NA,NA,NA,NA,NA,NA,NA,NA,NA,NA,NA,23.55,23.27,6.9,NA,NA,NA,NA,NA,NA,NA,0.272145688,47.33270312
36_WATER_6,36.WATER.6,-0.2245,36,6,43,2,WATER,6/30/21,NA,NA,NA,NA,NA,0.935970949,0.000430282,NA,NA,0.741,NA,NA,NA,NA,NA,NA,NA,NA,NA,NA,NA,NA,NA,NA,NA,NA,NA,NA,NA,20.06,23.36,9.5,NA,NA,NA,NA,NA,NA,NA,NA,NA
36_WATER_7,36.WATER.7,-0.25,36,7,50,2,WATER,6/30/21,NA,NA,NA,NA,NA,14.07163146,0.000248184,NA,NA,0.719,NA,NA,NA,NA,NA,NA,NA,NA,NA,NA,NA,NA,NA,NA,NA,NA,NA,NA,NA,22.85,22.23,8.9,NA,NA,NA,NA,NA,NA,NA,NA,NA
36_WATER_8,36.WATER.8,-0.255,36,8,55,2,WATER,6/30/21,NA,DB,1,6,2,8.695757137,-2.41419E-05,0.5554734,1.600695889,0.754,0.5306498,0.000370591,0.610640658,0.99,0.2,0.87,0.17,15.57,3.29,0.729462425,47.48256441,0.50096637,47.04156733,-0.090341372,45.44822072,-0.00223623,46.57530736,0.061258571,46.38488912,22.5,22.93,8.0,-38.52881225,2682.84953,4044.503551,15529.29997,170.1263485,0.000612266,552.5633546,NA,NA
NA,NA,NA,42,0,1,2,WATER,7/28/21,NA,NA,4,NA,NA,0.363558597,0.000115858,2.99766146,NA,NA,NA,NA,NA,NA,NA,NA,NA,NA,NA,NA,NA,NA,NA,NA,NA,NA,NA,NA,NA,2.8,10.47,5.9,NA,NA,NA,NA,NA,NA,NA,NA,NA
NA,NA,NA,42,1,8,2,WATER,7/28/21,NA,NA,NA,NA,NA,0.152861098,1.59341E-05,NA,NA,0.775,NA,NA,NA,NA,NA,NA,NA,NA,NA,NA,NA,NA,NA,NA,NA,NA,NA,NA,NA,23.36,24.4,8.9,NA,NA,NA,NA,NA,NA,NA,NA,NA
NA,NA,NA,42,2,15,2,WATER,7/28/21,NA,NA,NA,NA,NA,0.089789563,0.0003433,NA,NA,0.763,NA,NA,NA,NA,NA,NA,NA,NA,NA,NA,NA,NA,NA,NA,NA,NA,NA,NA,NA,22.44,24.68,9.5,NA,NA,NA,NA,NA,NA,NA,NA,NA
NA,NA,NA,42,3,22,2,WATER,7/28/21,NA,NA,NA,NA,NA,4.701426752,0.000230089,NA,NA,0.727,NA,NA,NA,NA,NA,NA,NA,NA,NA,NA,NA,NA,NA,NA,NA,NA,NA,NA,NA,21.88,23.98,10.1,NA,NA,NA,NA,NA,NA,NA,0.658360183,46.78172351
NA,NA,NA,42,4,29,2,WATER,7/28/21,NA,NA,NA,NA,NA,1.688152241,0.000447331,NA,NA,0.718,NA,NA,NA,NA,NA,NA,NA,NA,NA,NA,NA,NA,NA,NA,NA,NA,NA,NA,NA,25.33,22.93,10.9,NA,NA,NA,NA,NA,NA,NA,NA,NA
NA,NA,NA,42,5,36,2,WATER,7/28/21,NA,NA,NA,NA,NA,7.603794064,0.000179252,NA,NA,0.75,NA,NA,NA,NA,NA,NA,NA,NA,NA,NA,NA,NA,NA,NA,NA,NA,NA,NA,NA,23.25,24.75,9.5,NA,NA,NA,NA,NA,NA,NA,0.252486825,46.70319796
NA,NA,NA,42,6,43,2,WATER,7/28/21,NA,NA,NA,NA,NA,NA,NA,NA,NA,0.76,NA,NA,NA,NA,NA,NA,NA,NA,NA,NA,NA,NA,NA,NA,NA,NA,NA,NA,NA,23.48,23.66,9,NA,NA,NA,NA,NA,NA,NA,NA,NA
NA,NA,NA,42,7,50,2,WATER,7/28/21,NA,NA,NA,NA,NA,15.34391534,0.000324523,NA,NA,0.792,NA,NA,NA,NA,NA,NA,NA,NA,NA,NA,NA,NA,NA,NA,NA,NA,NA,NA,NA,23.09,25.62,8.6,NA,NA,NA,NA,NA,NA,NA,NA,NA
NA,NA,NA,42,8,55,2,WATER,7/28/21,6.6,C,5.5,5,NA,NA,NA,1.1,0.866,0.764,0.718350362,0.004926761,0.259162726,1.35,0.28,2.01,0.39,NA,NA,0.676610569,47.30102678,0.08686608,46.32687617,NA,NA,NA,NA,NA,NA,NA,NA,NA,-170.7722649,-24.98241302,3936.749757,47068.59143,171.1467509,0.001656287,29.94349766,NA,NA
NA,NA,NA,48,0,1,1,WATER,7/7/21,NA,NA,4,2,NA,0.205828393,1.39798E-05,NA,NA,NA,NA,NA,NA,NA,NA,NA,NA,NA,NA,NA,NA,NA,NA,NA,NA,NA,NA,NA,NA,3.53,13.98,7.6,NA,NA,NA,NA,NA,NA,NA,NA,NA
48_WATER_1,48.WATER.1,-0.0955,48,1,8,1,WATER,7/7/21,NA,NA,NA,NA,NA,1.431943937,1.96645E-05,NA,NA,NA,NA,NA,NA,NA,NA,NA,NA,NA,NA,NA,NA,NA,NA,NA,NA,NA,NA,NA,NA,12.35,19.18,8.0,NA,NA,NA,NA,NA,NA,NA,NA,NA
48_WATER_2,48.WATER.2,-0.078,48,2,15,1,WATER,7/7/21,NA,NA,NA,NA,NA,3.665363694,4.8055E-05,NA,NA,NA,NA,NA,NA,NA,NA,NA,NA,NA,NA,NA,NA,NA,NA,NA,NA,NA,NA,NA,NA,12.79,17.68,8.1,NA,NA,NA,NA,NA,NA,NA,NA,NA
48_WATER_3,48.WATER.3,-0.113,48,3,22,1,WATER,7/7/21,NA,NA,NA,NA,NA,1.181565441,3.62666E-05,NA,NA,NA,NA,NA,NA,NA,NA,NA,NA,NA,NA,NA,NA,NA,NA,NA,NA,NA,NA,NA,NA,13.12,19.3,8.5,NA,NA,NA,NA,NA,NA,NA,0.633060276,46.04124118
48_WATER_4,48.WATER.4,-0.2345,48,4,29,1,WATER,7/7/21,NA,NA,NA,NA,NA,0.832083526,-8.52967E-05,NA,NA,NA,NA,NA,NA,NA,NA,NA,NA,NA,NA,NA,NA,NA,NA,NA,NA,NA,NA,NA,NA,13.27,18.47,9.9,NA,NA,NA,NA,NA,NA,NA,NA,NA
48_WATER_5,48.WATER.5,-0.2445,48,5,36,1,WATER,7/7/21,NA,NA,NA,NA,NA,0.421669972,0.000327856,NA,NA,NA,NA,NA,NA,NA,NA,NA,NA,NA,NA,NA,NA,NA,NA,NA,NA,NA,NA,NA,NA,14.27,18.89,8.5,NA,NA,NA,NA,NA,NA,NA,0.650608122,45.44732333
48_WATER_6,48.WATER.6,-0.225,48,6,43,1,WATER,7/7/21,NA,NA,NA,NA,NA,5.149181681,0.000257231,NA,NA,0.803,NA,NA,NA,NA,NA,NA,NA,NA,NA,NA,NA,NA,NA,NA,NA,NA,NA,NA,NA,16.33,18.01,8.0,NA,NA,NA,NA,NA,NA,NA,NA,NA
48_WATER_7,48.WATER.7,0.359,48,7,50,1,WATER,7/7/21,NA,NA,NA,NA,NA,1.282302291,0.000166141,NA,NA,0.787,NA,NA,NA,NA,NA,NA,NA,NA,NA,NA,NA,NA,NA,NA,NA,NA,NA,NA,NA,15.77,18.71,7.7,NA,NA,NA,NA,NA,NA,NA,NA,NA
48_WATER_8,48.WATER.8,0.319,48,8,55,1,WATER,7/7/21,7.2,C,2,1,-1,7.590128416,0.000162771,NA,1.556710036,0.792,0.755400876,0.007619608,0.451306437,1.29,0.19,NA,NA,7.96,1.99,1.850052575,46.83613344,NA,NA,-0.141668839,45.87996053,0.365394311,45.29884099,0.027687745,45.9340949,14.13,17.69,7.2,-322.1434211,NA,7734.750609,10897.74121,335.7039179,0.000946669,21.76006735,NA,NA
NEG_5/3,NEG.MAY3,0.2165,NEG,,,,,,,,,,,,,,,,,,,,,,,,,,,,,,,,,,,,,,,,,,,,,,
NEG_2/24,NEG.FEB24,-0.0435,NEG,,,,,,,,,,,,,,,,,,,,,,,,,,,,,,,,,,,,,,,,,,,,,,
NEG_3/10,NEG.MARCH10,-0.031,NEG,,,,,,,,,,,,,,,,,,,,,,,,,,,,,,,,,,,,,,,,,,,,,,
NEG_3/16,NEG.MARCH16,0.052,NEG,,,,,,,,,,,,,,,,,,,,,,,,,,,,,,,,,,,,,,,,,,,,,,
NEG_3/23,NEG.MARCH23,-0.237,NEG,,,,,,,,,,,,,,,,,,,,,,,,,,,,,,,,,,,,,,,,,,,,,,
NEG _5/16,NEG.MAY16,0.2415,NEG,,,,,,,,,,,,,,,,,,,,,,,,,,,,,,,,,,,,,,,,,,,,,,