#SampleID	BarcodeSequence	LinkerPrimerSequence	BarcodePlate	Well	Plate	Well_Code	dna_con_ug_ml	plant_number	treatment	week	chamber	Description
NEG.MAY3	AGGGCCCGCTGA	GTGTGYCAGCMGCCGCGGTAA	17	C1	4	4C1	0.2165	NEG	NEG	NA	NA	NEG_5/3
NEG.FEB24	GGAGTTGAGGTG	GTGTGYCAGCMGCCGCGGTAA	10	G1	1	1G1	-0.0435	NEG	NEG	NA	NA	NEG_2/24
NEG.MARCH10	GCGCAATAGTAT	GTGTGYCAGCMGCCGCGGTAA	10	G2	1	1G2	-0.031	NEG	NEG	NA	NA	NEG_3/10
NEG.MARCH16	TCCTGAACACAG	GTGTGYCAGCMGCCGCGGTAA	14	G2	2	2G2	0.052	NEG	NEG	NA	NA	NEG_3/16
NEG.MARCH23	TTAACTGGAAGC	GTGTGYCAGCMGCCGCGGTAA	16	D2	3	3D2	-0.237	NEG	NEG	NA	NA	NEG_3/23
NEG.MAY16	GGTAAAGGGTCG	GTGTGYCAGCMGCCGCGGTAA	17	D4	4	4D4	0.2415	NEG	NEG	NA	NA	NEG _5/16
20.ACM.1	TAGCGGAAGACG	GTGTGYCAGCMGCCGCGGTAA	14	D2	2	2D2	4.3145	20	ACM	1	2	20_ACM_1
20.ACM.2	GACCGATAGGGA	GTGTGYCAGCMGCCGCGGTAA	14	E4	2	2E4	26.9895	20	ACM	2	2	20_ACM_2
20.ACM.3	GCGTCGGTACGG	GTGTGYCAGCMGCCGCGGTAA	14	D9	2	2D9	3.8155	20	ACM	3	2	20_ACM_3
20.ACM.4	TCGACGGAGAGA	GTGTGYCAGCMGCCGCGGTAA	16	F1	3	3F1	26.3105	20	ACM	4	2	20_ACM_4
20.ACM.5	ATTTAGGACGAC	GTGTGYCAGCMGCCGCGGTAA	16	F8	3	3F8	10.9	20	ACM	5	2	20_ACM_5
20.ACM.6	CAACCACTCGGT	GTGTGYCAGCMGCCGCGGTAA	16	C10	3	3C10	16.8475	20	ACM	6	2	20_ACM_6
20.ACM.7	TGCTGCTCAACG	GTGTGYCAGCMGCCGCGGTAA	17	G3	4	4G3	7.034	20	ACM	7	2	20_ACM_7
20.ACM.8	ACTCGTGATAGC	GTGTGYCAGCMGCCGCGGTAA	10	A6	1	1A6	27.159	20	ACM	8	2	20_ACM_8
26.ACM.1	TGCGGTTGACTC	GTGTGYCAGCMGCCGCGGTAA	10	F3	1	1F3	16.254	26	ACM	1	2	26_ACM_1
26.ACM.2	CATAATCTTGCT	GTGTGYCAGCMGCCGCGGTAA	10	D6	1	1D6	21.379	26	ACM	2	2	26_ACM_2
26.ACM.3	AGACATACCGTA	GTGTGYCAGCMGCCGCGGTAA	10	A8	1	1A8	41.312	26	ACM	3	2	26_ACM_3
26.ACM.4	GCGAGCGAAGTA	GTGTGYCAGCMGCCGCGGTAA	10	G12	1	1G12	16.662	26	ACM	4	2	26_ACM_4
26.ACM.5	TAAACGCGACTC	GTGTGYCAGCMGCCGCGGTAA	14	G3	2	2G3	30.9595	26	ACM	5	2	26_ACM_5
26.ACM.6	AGGTTAAGTGCT	GTGTGYCAGCMGCCGCGGTAA	14	B9	2	2B9	21.0055	26	ACM	6	2	26_ACM_6
26.ACM.7	ATAACCATAGGA	GTGTGYCAGCMGCCGCGGTAA	16	H1	3	3H1	2.5355	26	ACM	7	2	26_ACM_7
26.ACM.8	TATAAGGACACA	GTGTGYCAGCMGCCGCGGTAA	16	C4	3	3C4	14.54	26	ACM	8	2	26_ACM_8
30.ACM.1	AGCCGACTCTGT	GTGTGYCAGCMGCCGCGGTAA	10	B5	1	1B5	0.3865	30	ACM	1	1	30_ACM_1
30.ACM.3	ACCTTCGCGCAC	GTGTGYCAGCMGCCGCGGTAA	10	A11	1	1A11	46.502	30	ACM	3	1	30_ACM_3
30.ACM.4	TAGTTACTAGTT	GTGTGYCAGCMGCCGCGGTAA	14	D4	2	2D4	34.637	30	ACM	4	1	30_ACM_4
30.ACM.5	CGCGTTCCCAGT	GTGTGYCAGCMGCCGCGGTAA	14	C7	2	2C7	11.593	30	ACM	5	1	30_ACM_5
30.ACM.6	AGCTAAATGGAT	GTGTGYCAGCMGCCGCGGTAA	14	E11	2	2E11	23.068	30	ACM	6	1	30_ACM_6
30.ACM.7	TCGCGCAACTGT	GTGTGYCAGCMGCCGCGGTAA	16	H7	3	3H7	20.035	30	ACM	7	1	30_ACM_7
30.ACM.8	CCGTTCAATGGA	GTGTGYCAGCMGCCGCGGTAA	16	C9	3	3C9	30.955	30	ACM	8	1	30_ACM_8
40.ACM.1.R	ACGCGCTAAATC	GTGTGYCAGCMGCCGCGGTAA	17	C4	4	4C4	11.614	40	ACM	1R	1	40_ACM_1_R
40.ACM.2	GCACATAGTCGT	GTGTGYCAGCMGCCGCGGTAA	10	F7	1	1F7	42.4115	40	ACM	2	1	40_ACM_2
40.ACM.3	GACTATAATGGC	GTGTGYCAGCMGCCGCGGTAA	10	D11	1	1D11	20.922	40	ACM	3	1	40_ACM_3
40.ACM.4	TCGGGTGAGGCC	GTGTGYCAGCMGCCGCGGTAA	14	H2	2	2H2	25.712	40	ACM	4	1	40_ACM_4
40.ACM.5	TAAGATGCAGTC	GTGTGYCAGCMGCCGCGGTAA	10	B3	1	1B3	17.7265	40	ACM	5	1	40_ACM_5
40.ACM.6	CTATGGTGAACC	GTGTGYCAGCMGCCGCGGTAA	14	G12	2	2G12	3.328	40	ACM	6	1	40_ACM_6
40.ACM.7	TCTGTGTCTAAT	GTGTGYCAGCMGCCGCGGTAA	16	C7	3	3C7	16.2875	40	ACM	7	1	40_ACM_7
40.ACM.8	TGGGTTAACACA	GTGTGYCAGCMGCCGCGGTAA	16	B9	3	3B9	18.215	40	ACM	8	1	40_ACM_8
46.ACM.1	AAGGCTGGGCAC	GTGTGYCAGCMGCCGCGGTAA	10	B1	1	1B1	46.8815	46	ACM	1	3	46_ACM_1
46.ACM.2	AATTGAATTTAC	GTGTGYCAGCMGCCGCGGTAA	10	E1	1	1E1	1.0615	46	ACM	2	3	46_ACM_2
46.ACM.3	ATCTAAGTTACT	GTGTGYCAGCMGCCGCGGTAA	14	H1	2	2H1	2.187	46	ACM	3	3	46_ACM_3
46.ACM.4	GTATTTCGGACG	GTGTGYCAGCMGCCGCGGTAA	14	B6	2	2B6	2.038	46	ACM	4	3	46_ACM_4
46.ACM.5	GGTTGTAAGTGT	GTGTGYCAGCMGCCGCGGTAA	14	F10	2	2F10	10.3255	46	ACM	5	3	46_ACM_5
46.ACM.6	TCCTGTGCGAGT	GTGTGYCAGCMGCCGCGGTAA	16	G3	3	3G3	17.79	46	ACM	6	3	46_ACM_6
46.ACM.7	GTCATAAGAACC	GTGTGYCAGCMGCCGCGGTAA	16	B6	3	3B6	8.4375	46	ACM	7	3	46_ACM_7
46.ACM.8	ACGCATCGCACT	GTGTGYCAGCMGCCGCGGTAA	16	G9	3	3G9	27.58	46	ACM	8	3	46_ACM_8
50.ACM.1.R	ATGGCGCGGACC	GTGTGYCAGCMGCCGCGGTAA	17	B4	4	4B4	3.474	50	ACM	1R	3	50_ACM_1_R
50.ACM.2	CGATCCGATCTG	GTGTGYCAGCMGCCGCGGTAA	14	G1	2	2G1	6.457	50	ACM	2	3	50_ACM_2
50.ACM.3	TGACCTCAAGAC	GTGTGYCAGCMGCCGCGGTAA	14	F5	2	2F5	10.182	50	ACM	3	3	50_ACM_3
50.ACM.4	GTCCCGTGAAAT	GTGTGYCAGCMGCCGCGGTAA	14	B11	2	2B11	14.043	50	ACM	4	3	50_ACM_4
50.ACM.5	ATACGCATCAAG	GTGTGYCAGCMGCCGCGGTAA	16	A3	3	3A3	25.493	50	ACM	5	3	50_ACM_5
50.ACM.6	GGACTGGATGGC	GTGTGYCAGCMGCCGCGGTAA	16	D6	3	3D6	4.0225	50	ACM	6	3	50_ACM_6
50.ACM.7	TAAGTCGGCCTA	GTGTGYCAGCMGCCGCGGTAA	16	B10	3	3B10	5.9225	50	ACM	7	3	50_ACM_7
50.ACM.8	ACACTGGTCCTG	GTGTGYCAGCMGCCGCGGTAA	17	F2	4	4F2	2.1915	50	ACM	8	3	50_ACM_8
10.M01.1	TACCAATCGGTG	GTGTGYCAGCMGCCGCGGTAA	10	A4	1	1A4	27.459	10	M01	1	1	10_M01_1
10.M01.2	CTGTGTCCATGG	GTGTGYCAGCMGCCGCGGTAA	14	E2	2	2E2	37.002	10	M01	2	1	10_M01_2
10.M01.3	GCCGAACGCCGA	GTGTGYCAGCMGCCGCGGTAA	10	C7	1	1C7	41.479	10	M01	3	1	10_M01_3
10.M01.4	ATGTCCGACCAA	GTGTGYCAGCMGCCGCGGTAA	10	F11	1	1F11	34.857	10	M01	4	1	10_M01_4
10.M01.5	CCACGTACGTAA	GTGTGYCAGCMGCCGCGGTAA	10	E5	1	1E5	33.5265	10	M01	5	1	10_M01_5
10.M01.6	TGTACCAACCGA	GTGTGYCAGCMGCCGCGGTAA	14	C8	2	2C8	15.9605	10	M01	6	1	10_M01_6
10.M01.7	GCTATCAAGACA	GTGTGYCAGCMGCCGCGGTAA	14	H12	2	2H12	10.723	10	M01	7	1	10_M01_7
10.M01.8	GATTGGCATAGT	GTGTGYCAGCMGCCGCGGTAA	16	B4	3	3B4	56.8125	10	M01	8	1	10_M01_8
13.M01.1	CGACGAGATTAT	GTGTGYCAGCMGCCGCGGTAA	10	F5	1	1F5	35.724	13	M01	1	1	13_M01_1
13.M01.2	TGCGTGGGTGGA	GTGTGYCAGCMGCCGCGGTAA	10	D7	1	1D7	44.704	13	M01	2	1	13_M01_2
13.M01.3	CCGCTGATGTCA	GTGTGYCAGCMGCCGCGGTAA	10	C10	1	1C10	49.577	13	M01	3	1	13_M01_3
13.M01.4	CCATATCCCGGA	GTGTGYCAGCMGCCGCGGTAA	10	A2	1	1A2	35.779	13	M01	4	1	13_M01_4
13.M01.5	CAATGGTTTCTT	GTGTGYCAGCMGCCGCGGTAA	14	A8	2	2A8	12.6805	13	M01	5	1	13_M01_5
13.M01.6	CCGATCTCCGAC	GTGTGYCAGCMGCCGCGGTAA	14	C12	2	2C12	19.833	13	M01	6	1	13_M01_6
13.M01.7	TCGTGCGTGTTG	GTGTGYCAGCMGCCGCGGTAA	16	G7	3	3G7	22.48	13	M01	7	1	13_M01_7
13.M01.8	ACAAGAACCTTG	GTGTGYCAGCMGCCGCGGTAA	16	A9	3	3A9	46.3875	13	M01	8	1	13_M01_8
15.M01.1	CTGCAAGCCTGT	GTGTGYCAGCMGCCGCGGTAA	10	G9	1	1G9	6.127	15	M01	1	1	15_M01_1
15.M01.2	CTTGCATACCGG	GTGTGYCAGCMGCCGCGGTAA	14	F7	2	2F7	29.268	15	M01	2	1	15_M01_2
15.M01.3	CGTGTGTGCTCA	GTGTGYCAGCMGCCGCGGTAA	14	D11	2	2D11	26.9005	15	M01	3	1	15_M01_3
15.M01.4	TGACTCTGCGGT	GTGTGYCAGCMGCCGCGGTAA	16	F7	3	3F7	57.3825	15	M01	4	1	15_M01_4
15.M01.5	AGAGTGCTAATC	GTGTGYCAGCMGCCGCGGTAA	16	A10	3	3A10	24.8975	15	M01	5	1	15_M01_5
15.M01.6	GCTAAAGTCGTA	GTGTGYCAGCMGCCGCGGTAA	16	B12	3	3B12	18.9375	15	M01	6	1	15_M01_6
15.M01.7	GTGTCACTTTAT	GTGTGYCAGCMGCCGCGGTAA	16	B11	3	3B11	19.4175	15	M01	7	1	15_M01_7
15.M01.8	ATGTCTTCAACT	GTGTGYCAGCMGCCGCGGTAA	10	F9	1	1F9	8.2795	15	M01	8	1	15_M01_8
17.M01.1	TCCAGGGCTATA	GTGTGYCAGCMGCCGCGGTAA	10	D10	1	1D10	26.8395	17	M01	1	1	17_M01_1
17.M01.2	CGATAGGCCTTA	GTGTGYCAGCMGCCGCGGTAA	10	B2	1	1B2	72.9415	17	M01	2	1	17_M01_2
17.M01.4	AATCAACTAGGC	GTGTGYCAGCMGCCGCGGTAA	14	G11	2	2G11	10.8705	17	M01	4	1	17_M01_4
17.M01.5	CGTAATTGCCGC	GTGTGYCAGCMGCCGCGGTAA	16	B7	3	3B7	32.2825	17	M01	5	1	17_M01_5
17.M01.6	AATATACTCAAT	GTGTGYCAGCMGCCGCGGTAA	17	D2	4	4D2	35.5115	17	M01	6	1	17_M01_6
17.M01.7	ATGTGTGTAGAC	GTGTGYCAGCMGCCGCGGTAA	16	H11	3	3H11	19.745	17	M01	7	1	17_M01_7
17.M01.8	GTAAGTAGATCA	GTGTGYCAGCMGCCGCGGTAA	16	E12	3	3E12	28.5365	17	M01	8	1	17_M01_8
24.M01.2	GTTCAACAGCTG	GTGTGYCAGCMGCCGCGGTAA	10	G10	1	1G10	60.5245	24	M01	2	1	24_M01_2
24.M01.3	TAAACAATCAGG	GTGTGYCAGCMGCCGCGGTAA	14	C4	2	2C4	46.4895	24	M01	3	1	24_M01_3
24.M01.4	CTGTCCCGCAGT	GTGTGYCAGCMGCCGCGGTAA	14	F8	2	2F8	20.8205	24	M01	4	1	24_M01_4
24.M01.5	ACTTACGCCACG	GTGTGYCAGCMGCCGCGGTAA	14	D12	2	2D12	51.723	24	M01	5	1	24_M01_5
24.M01.6	ATTCACGTATTC	GTGTGYCAGCMGCCGCGGTAA	16	G6	3	3G6	51.24	24	M01	6	1	24_M01_6
24.M01.7	TTGGGAGCGAAG	GTGTGYCAGCMGCCGCGGTAA	17	D1	4	4D1	23.6115	24	M01	7	1	24_M01_7
24.M01.8	ATATCGCGATGA	GTGTGYCAGCMGCCGCGGTAA	17	A3	4	4A3	64.949	24	M01	8	1	24_M01_8
3.M01.1	TCCGCAACCTGA	GTGTGYCAGCMGCCGCGGTAA	10	B4	1	1B4	59.074	3	M01	1	1	3_M01_1
3.M01.2	TAGAGGCGTAGG	GTGTGYCAGCMGCCGCGGTAA	10	C5	1	1C5	52.8965	3	M01	2	1	3_M01_2
3.M01.3	CTCGAGCGTACT	GTGTGYCAGCMGCCGCGGTAA	10	B7	1	1B7	42.1915	3	M01	3	1	3_M01_3
3.M01.4	GCCTGCAGTACT	GTGTGYCAGCMGCCGCGGTAA	10	E10	1	1E10	26.222	3	M01	4	1	3_M01_4
3.M01.5	GATGGCGGACTG	GTGTGYCAGCMGCCGCGGTAA	10	H9	1	1H9	43.922	3	M01	5	1	3_M01_5
3.M01.6	TCCGTATGCGCC	GTGTGYCAGCMGCCGCGGTAA	14	B8	2	2B8	21.578	3	M01	6	1	3_M01_6
3.M01.7	GCAGACGGAACC	GTGTGYCAGCMGCCGCGGTAA	14	A12	2	2A12	22.2255	3	M01	7	1	3_M01_7
3.M01.8	ACCCTATTGCGG	GTGTGYCAGCMGCCGCGGTAA	16	A5	3	3A5	67.93	3	M01	8	1	3_M01_8
34.M01.1	CTCTCGGCGTAA	GTGTGYCAGCMGCCGCGGTAA	10	G7	1	1G7	36.489	34	M01	1	1	34_M01_1
34.M01.2	ACGCACATACAA	GTGTGYCAGCMGCCGCGGTAA	10	F10	1	1F10	47.1945	34	M01	2	1	34_M01_2
34.M01.3	ATCTCTGGCGCC	GTGTGYCAGCMGCCGCGGTAA	10	H1	1	1H1	45.9365	34	M01	3	1	34_M01_3
34.M01.4	TAACACACTTAT	GTGTGYCAGCMGCCGCGGTAA	14	E7	2	2E7	16.053	34	M01	4	1	34_M01_4
34.M01.5	CTGACGATCCGT	GTGTGYCAGCMGCCGCGGTAA	14	B12	2	2B12	12.068	34	M01	5	1	34_M01_5
34.M01.6	GAGCTTGGCGGA	GTGTGYCAGCMGCCGCGGTAA	16	A8	3	3A8	49.465	34	M01	6	1	34_M01_6
34.M01.7	GATATGAACTGC	GTGTGYCAGCMGCCGCGGTAA	17	F1	4	4F1	7.7765	34	M01	7	1	34_M01_7
34.M01.8	GGATATGATACA	GTGTGYCAGCMGCCGCGGTAA	17	E2	4	4E2	3.4165	34	M01	8	1	34_M01_8
35.M01.1	GCAGGGTCGAAC	GTGTGYCAGCMGCCGCGGTAA	10	C4	1	1C4	56.0665	35	M01	1	1	35_M01_1
35.M01.2	GTATTATGACTT	GTGTGYCAGCMGCCGCGGTAA	10	D5	1	1D5	47.254	35	M01	2	1	35_M01_2
35.M01.3	TTGGGCCACATA	GTGTGYCAGCMGCCGCGGTAA	10	E7	1	1E7	49.3365	35	M01	3	1	35_M01_3
35.M01.4	ATGGTTCACCCG	GTGTGYCAGCMGCCGCGGTAA	10	E11	1	1E11	28.522	35	M01	4	1	35_M01_4
35.M01.5	TCCATTTCATGC	GTGTGYCAGCMGCCGCGGTAA	14	D3	2	2D3	31.837	35	M01	5	1	35_M01_5
35.M01.6	GATTGAACGCTA	GTGTGYCAGCMGCCGCGGTAA	14	H6	2	2H6	19.2755	35	M01	6	1	35_M01_6
35.M01.7	AGCTGCACCTAA	GTGTGYCAGCMGCCGCGGTAA	10	D2	1	1D2	20.189	35	M01	7	1	35_M01_7
35.M01.8	CGCCTGCCAATA	GTGTGYCAGCMGCCGCGGTAA	16	E4	3	3E4	29.52	35	M01	8	1	35_M01_8
38.M01.2	GATATCGATGAA	GTGTGYCAGCMGCCGCGGTAA	10	B11	1	1B11	65.8745	38	M01	2	1	38_M01_2
38.M01.3	TCCTCCGGTTGG	GTGTGYCAGCMGCCGCGGTAA	10	H5	1	1H5	0.439	38	M01	3	1	38_M01_3
38.M01.4	CCGGTCCGGGCA	GTGTGYCAGCMGCCGCGGTAA	14	D7	2	2D7	13.308	38	M01	4	1	38_M01_4
38.M01.5	CATGGGTGTTAC	GTGTGYCAGCMGCCGCGGTAA	14	F11	2	2F11	6.0305	38	M01	5	1	38_M01_5
38.M01.6	ACGTTTGTGGCA	GTGTGYCAGCMGCCGCGGTAA	16	D7	3	3D7	27.15	38	M01	6	1	38_M01_6
38.M01.7	GGACAGTGTATT	GTGTGYCAGCMGCCGCGGTAA	17	E1	4	4E1	36.9865	38	M01	7	1	38_M01_7
38.M01.8	TTACTAGTTAAC	GTGTGYCAGCMGCCGCGGTAA	17	H2	4	4H2	30.8565	38	M01	8	1	38_M01_8
43.M01.1	ACTTCATCGTAT	GTGTGYCAGCMGCCGCGGTAA	10	H3	1	1H3	21.2715	43	M01	1	1	43_M01_1
43.M01.2	CAGGTAATAATG	GTGTGYCAGCMGCCGCGGTAA	10	C6	1	1C6	22.599	43	M01	2	1	43_M01_2
43.M01.3	CGACCGGTGAAG	GTGTGYCAGCMGCCGCGGTAA	10	H7	1	1H7	2.697	43	M01	3	1	43_M01_3
43.M01.4	ACCCTCAGCCCA	GTGTGYCAGCMGCCGCGGTAA	10	C11	1	1C11	10.472	43	M01	4	1	43_M01_4
43.M01.5	CTCGGATAGATC	GTGTGYCAGCMGCCGCGGTAA	14	C3	2	2C3	25.797	43	M01	5	1	43_M01_5
43.M01.6	GGCCTGGCCTGG	GTGTGYCAGCMGCCGCGGTAA	14	G7	2	2G7	2.0405	43	M01	6	1	43_M01_6
43.M01.7	GTGCATTCGCCA	GTGTGYCAGCMGCCGCGGTAA	14	F12	2	2F12	32.523	43	M01	7	1	43_M01_7
43.M01.8	CGAGGACCCTGG	GTGTGYCAGCMGCCGCGGTAA	16	F4	3	3F4	44.695	43	M01	8	1	43_M01_8
18.M06.1.R	AGTTCATACGGC	GTGTGYCAGCMGCCGCGGTAA	17	H3	4	4H3	14.0015	18	M06	1R	3	18_M06_1_R
18.M06.2	GATGAGTCGCGG	GTGTGYCAGCMGCCGCGGTAA	14	E5	2	2E5	25.002	18	M06	2	3	18_M06_2
18.M06.3	AATGATAGATGC	GTGTGYCAGCMGCCGCGGTAA	14	G10	2	2G10	16.028	18	M06	3	3	18_M06_3
18.M06.4	ATTCCCAGAACG	GTGTGYCAGCMGCCGCGGTAA	16	F3	3	3F3	10.545	18	M06	4	3	18_M06_4
18.M06.5	AGAGAACACTTA	GTGTGYCAGCMGCCGCGGTAA	16	A6	3	3A6	18.0125	18	M06	5	3	18_M06_5
18.M06.6	CACTGGTGCATA	GTGTGYCAGCMGCCGCGGTAA	17	B2	4	4B2	2.299	18	M06	6	3	18_M06_6
18.M06.7	TGCTTGTAGGCA	GTGTGYCAGCMGCCGCGGTAA	16	A12	3	3A12	3.17	18	M06	7	3	18_M06_7
18.M06.8	GTAGTCCCGCTC	GTGTGYCAGCMGCCGCGGTAA	16	C11	3	3C11	18.515	18	M06	8	3	18_M06_8
22.M06.2	CACTTCTTTGTG	GTGTGYCAGCMGCCGCGGTAA	14	C2	2	2C2	9.2395	22	M06	2	3	22_M06_2
22.M06.3	GGTCCGAAGCCG	GTGTGYCAGCMGCCGCGGTAA	14	D6	2	2D6	19.843	22	M06	3	3	22_M06_3
22.M06.4	ACCCAGTATGGT	GTGTGYCAGCMGCCGCGGTAA	14	A9	2	2A9	17.238	22	M06	4	3	22_M06_4
22.M06.5	GGCCTTCAGTCA	GTGTGYCAGCMGCCGCGGTAA	16	A4	3	3A4	10.315	22	M06	5	3	22_M06_5
22.M06.6	ACAATGTCACAG	GTGTGYCAGCMGCCGCGGTAA	16	E6	3	3E6	2.24	22	M06	6	3	22_M06_6
22.M06.8	TAACGAATAGAA	GTGTGYCAGCMGCCGCGGTAA	16	H12	3	3H12	8.2915	22	M06	8	3	22_M06_8
27.M06.1	GTGAGCACGCAG	GTGTGYCAGCMGCCGCGGTAA	10	C1	1	1C1	52.639	27	M06	1	3	27_M06_1
27.M06.2	TGCAGGGAACCG	GTGTGYCAGCMGCCGCGGTAA	14	A2	2	2A2	20.3845	27	M06	2	3	27_M06_2
27.M06.3	GTAATGCGTAAC	GTGTGYCAGCMGCCGCGGTAA	14	C6	2	2C6	17.238	27	M06	3	3	27_M06_3
27.M06.4	CAGAGTGCCGGC	GTGTGYCAGCMGCCGCGGTAA	14	G6	2	2G6	6.583	27	M06	4	3	27_M06_4
27.M06.5	AGTATTCGCGCA	GTGTGYCAGCMGCCGCGGTAA	16	C3	3	3C3	17.558	27	M06	5	3	27_M06_5
27.M06.6	CTATTCTTGGCT	GTGTGYCAGCMGCCGCGGTAA	16	G5	3	3G5	15.9375	27	M06	6	3	27_M06_6
27.M06.7	GAGGGACGCAAT	GTGTGYCAGCMGCCGCGGTAA	16	F10	3	3F10	10.035	27	M06	7	3	27_M06_7
27.M06.8	AGACCAAATATG	GTGTGYCAGCMGCCGCGGTAA	17	E3	4	4E3	14.074	27	M06	8	3	27_M06_8
31.M06.1	TTGACGACATCG	GTGTGYCAGCMGCCGCGGTAA	10	A3	1	1A3	29.0965	31	M06	1	3	31_M06_1
31.M06.2	ATCTGGACGATC	GTGTGYCAGCMGCCGCGGTAA	10	A5	1	1A5	56.1915	31	M06	2	3	31_M06_2
31.M06.3	AAGCATTGAGAT	GTGTGYCAGCMGCCGCGGTAA	10	C9	1	1C9	32.8845	31	M06	3	3	31_M06_3
31.M06.4	GACTGGAGATGG	GTGTGYCAGCMGCCGCGGTAA	14	B2	2	2B2	8.6445	31	M06	4	3	31_M06_4
31.M06.5	GTGCTCTGTGCC	GTGTGYCAGCMGCCGCGGTAA	14	E6	2	2E6	6.618	31	M06	5	3	31_M06_5
31.M06.6	CGGGCTTCATCA	GTGTGYCAGCMGCCGCGGTAA	14	C10	2	2C10	19.5205	31	M06	6	3	31_M06_6
31.M06.7	GTACCGTTGCAA	GTGTGYCAGCMGCCGCGGTAA	16	A11	3	3A11	8.235	31	M06	7	3	31_M06_7
31.M06.8	TGGCCAGGCAGC	GTGTGYCAGCMGCCGCGGTAA	16	B5	3	3B5	35.885	31	M06	8	3	31_M06_8
32.M06.1	GGAGTGCCCGAA	GTGTGYCAGCMGCCGCGGTAA	10	D3	1	1D3	17.5565	32	M06	1	3	32_M06_1
32.M06.2	TGTGATCTTTAC	GTGTGYCAGCMGCCGCGGTAA	10	H4	1	1H4	2.1015	32	M06	2	3	32_M06_2
32.M06.3	TTCTGGTCTTGT	GTGTGYCAGCMGCCGCGGTAA	10	D9	1	1D9	16.5145	32	M06	3	3	32_M06_3
32.M06.4	GCAGCGGTGGCT	GTGTGYCAGCMGCCGCGGTAA	14	D1	2	2D1	21.7745	32	M06	4	3	32_M06_4
32.M06.5	CGATCGAACACT	GTGTGYCAGCMGCCGCGGTAA	10	C2	1	1C2	26.119	32	M06	5	3	32_M06_5
32.M06.6	GACGAGGTCGGT	GTGTGYCAGCMGCCGCGGTAA	14	H10	2	2H10	23.908	32	M06	6	3	32_M06_6
32.M06.7	GAATGGATGGGC	GTGTGYCAGCMGCCGCGGTAA	16	H3	3	3H3	24.6925	32	M06	7	3	32_M06_7
32.M06.8	TCAGCGCCGTTA	GTGTGYCAGCMGCCGCGGTAA	16	D5	3	3D5	51.8725	32	M06	8	3	32_M06_8
45.M06.1	ACGGGCACGACA	GTGTGYCAGCMGCCGCGGTAA	14	A6	2	2A6	7.9555	45	M06	1	3	45_M06_1
45.M06.2	CGGCTACTATGC	GTGTGYCAGCMGCCGCGGTAA	14	H8	2	2H8	21.6855	45	M06	2	3	45_M06_2
45.M06.3	GCTGTCGTCAAC	GTGTGYCAGCMGCCGCGGTAA	16	H2	3	3H2	19.138	45	M06	3	3	45_M06_3
45.M06.4	TGTCATGGCTGA	GTGTGYCAGCMGCCGCGGTAA	16	H5	3	3H5	26.375	45	M06	4	3	45_M06_4
45.M06.5	TCAGATACCAGC	GTGTGYCAGCMGCCGCGGTAA	17	C2	4	4C2	17.899	45	M06	5	3	45_M06_5
45.M06.6	CCTTGGAATCGC	GTGTGYCAGCMGCCGCGGTAA	16	D12	3	3D12	11.564	45	M06	6	3	45_M06_6
45.M06.7	CTTAGAACGTGC	GTGTGYCAGCMGCCGCGGTAA	16	E11	3	3E11	9.4575	45	M06	7	3	45_M06_7
45.M06.8	TCTATCTGGCTT	GTGTGYCAGCMGCCGCGGTAA	10	E8	1	1E8	39.8195	45	M06	8	3	45_M06_8
5.M06.1	AGACGACGTGGA	GTGTGYCAGCMGCCGCGGTAA	10	H2	1	1H2	3.0565	5	M06	1	3	5_M06_1
5.M06.2	GTGTTCCCAGAA	GTGTGYCAGCMGCCGCGGTAA	10	B6	1	1B6	36.9615	5	M06	2	3	5_M06_2
5.M06.3	ATACCTAAATAT	GTGTGYCAGCMGCCGCGGTAA	10	E9	1	1E9	41.842	5	M06	3	3	5_M06_3
5.M06.4	GTAACCACCACC	GTGTGYCAGCMGCCGCGGTAA	14	E1	2	2E1	24.957	5	M06	4	3	5_M06_4
5.M06.5	CATGTGCTTAGG	GTGTGYCAGCMGCCGCGGTAA	14	F4	2	2F4	8.5345	5	M06	5	3	5_M06_5
5.M06.6	AGTGACTGTCAA	GTGTGYCAGCMGCCGCGGTAA	14	D10	2	2D10	11.418	5	M06	6	3	5_M06_6
5.M06.7	TTGCAGTGCAAC	GTGTGYCAGCMGCCGCGGTAA	16	G2	3	3G2	13.348	5	M06	7	3	5_M06_7
5.M06.8	TTATCATTACGC	GTGTGYCAGCMGCCGCGGTAA	16	D4	3	3D4	35.7125	5	M06	8	3	5_M06_8
7.M06.1	CCGTCAAGATGT	GTGTGYCAGCMGCCGCGGTAA	10	D1	1	1D1	27.9015	7	M06	1	3	7_M06_1
7.M06.2	GATTTAGAGGCT	GTGTGYCAGCMGCCGCGGTAA	10	A12	1	1A12	24.937	7	M06	2	3	7_M06_2
7.M06.3	ACTAGACGACTA	GTGTGYCAGCMGCCGCGGTAA	14	C5	2	2C5	22.1295	7	M06	3	3	7_M06_3
7.M06.4	TGCCATTAGAGC	GTGTGYCAGCMGCCGCGGTAA	14	C11	2	2C11	19.3355	7	M06	4	3	7_M06_4
7.M06.5	ACTTTAAGGGTG	GTGTGYCAGCMGCCGCGGTAA	16	B3	3	3B3	10.6605	7	M06	5	3	7_M06_5
7.M06.6	TCTCATGTGGAG	GTGTGYCAGCMGCCGCGGTAA	16	C6	3	3C6	15.63	7	M06	6	3	7_M06_6
7.M06.7	ATCCACTCTATA	GTGTGYCAGCMGCCGCGGTAA	16	H9	3	3H9	7.12	7	M06	7	3	7_M06_7
7.M06.8	ATTTGTGGGTAG	GTGTGYCAGCMGCCGCGGTAA	17	D3	4	4D3	17.874	7	M06	8	3	7_M06_8
1.M09.1	GAATACCAAGTC	GTGTGYCAGCMGCCGCGGTAA	14	F3	2	2F3	15.042	1	M09	1	2	1_M09_1
1.M09.2	AGCAAGGTCTTC	GTGTGYCAGCMGCCGCGGTAA	14	G8	2	2G8	20.8655	1	M09	2	2	1_M09_2
1.M09.3	ACTCAATTCATC	GTGTGYCAGCMGCCGCGGTAA	16	G1	3	3G1	23.673	1	M09	3	2	1_M09_3
1.M09.4	GGCGATTTACGT	GTGTGYCAGCMGCCGCGGTAA	16	A7	3	3A7	13.5925	1	M09	4	2	1_M09_4
1.M09.5	CATGCGGATCCT	GTGTGYCAGCMGCCGCGGTAA	16	G10	3	3G10	19.04	1	M09	5	2	1_M09_5
1.M09.6	TGGCACTGGTTA	GTGTGYCAGCMGCCGCGGTAA	17	B1	4	4B1	13.704	1	M09	6	2	1_M09_6
1.M09.7	GCTCAATCAGAA	GTGTGYCAGCMGCCGCGGTAA	16	F11	3	3F11	14.7125	1	M09	7	2	1_M09_7
1.M09.8	ACCTCTATTCGT	GTGTGYCAGCMGCCGCGGTAA	10	A9	1	1A9	6.9695	1	M09	8	2	1_M09_8
16.M09.1	ATGGCTGTCAGT	GTGTGYCAGCMGCCGCGGTAA	10	E3	1	1E3	20.6315	16	M09	1	2	16_M09_1
16.M09.2	GCTACAAGCCCT	GTGTGYCAGCMGCCGCGGTAA	10	F6	1	1F6	15.0015	16	M09	2	2	16_M09_2
16.M09.3	GCTGTGATTCGA	GTGTGYCAGCMGCCGCGGTAA	10	B8	1	1B8	48.417	16	M09	3	2	16_M09_3
16.M09.4	ATTTCGACCCGG	GTGTGYCAGCMGCCGCGGTAA	10	F12	1	1F12	23.027	16	M09	4	2	16_M09_4
16.M09.5	TATTAGCCTATC	GTGTGYCAGCMGCCGCGGTAA	14	B5	2	2B5	24.792	16	M09	5	2	16_M09_5
16.M09.6	GCCCGACATATA	GTGTGYCAGCMGCCGCGGTAA	14	E9	2	2E9	16.2505	16	M09	6	2	16_M09_6
16.M09.7	TACCCGACTAAG	GTGTGYCAGCMGCCGCGGTAA	16	F2	3	3F2	21.098	16	M09	7	2	16_M09_7
16.M09.8	CACGTACACGTA	GTGTGYCAGCMGCCGCGGTAA	16	C5	3	3C5	37.55	16	M09	8	2	16_M09_8
19.M09.1	ATGTGGCGTGTT	GTGTGYCAGCMGCCGCGGTAA	10	A7	1	1A7	54.614	19	M09	1	2	19_M09_1
19.M09.2	CCTCTCGGGTTG	GTGTGYCAGCMGCCGCGGTAA	10	H8	1	1H8	67.7745	19	M09	2	2	19_M09_2
19.M09.3	GGTGACTAGTTC	GTGTGYCAGCMGCCGCGGTAA	10	C12	1	1C12	29.3995	19	M09	3	2	19_M09_3
19.M09.4	GTGGATAAACTC	GTGTGYCAGCMGCCGCGGTAA	14	H4	2	2H4	20.232	19	M09	4	2	19_M09_4
19.M09.5	GATTATCGACGA	GTGTGYCAGCMGCCGCGGTAA	14	B10	2	2B10	18.9255	19	M09	5	2	19_M09_5
19.M09.6	CTGAATCTGGTG	GTGTGYCAGCMGCCGCGGTAA	16	E1	3	3E1	17.2105	19	M09	6	2	19_M09_6
19.M09.7	TGAAGCACACTA	GTGTGYCAGCMGCCGCGGTAA	16	H8	3	3H8	24.3725	19	M09	7	2	19_M09_7
19.M09.8	AATTAGGCGTGT	GTGTGYCAGCMGCCGCGGTAA	16	F9	3	3F9	9.4125	19	M09	8	2	19_M09_8
21.M09.1	GCGACGCGGCAT	GTGTGYCAGCMGCCGCGGTAA	10	F2	1	1F2	11.534	21	M09	1	2	21_M09_1
21.M09.2	GTATGGAGCTAT	GTGTGYCAGCMGCCGCGGTAA	14	C9	2	2C9	8.448	21	M09	2	2	21_M09_2
21.M09.3	ATGGAAGGTGGC	GTGTGYCAGCMGCCGCGGTAA	16	B1	3	3B1	4.1705	21	M09	3	2	21_M09_3
21.M09.4	GGATCCCAGGGA	GTGTGYCAGCMGCCGCGGTAA	16	E8	3	3E8	8.2975	21	M09	4	2	21_M09_4
21.M09.5	GTCGGAAATTGT	GTGTGYCAGCMGCCGCGGTAA	16	H10	3	3H10	5.26	21	M09	5	2	21_M09_5
21.M09.6	TCCCTCTGAGAG	GTGTGYCAGCMGCCGCGGTAA	17	A1	4	4A1	5.5565	21	M09	6	2	21_M09_6
21.M09.7	CGTTGACACCCA	GTGTGYCAGCMGCCGCGGTAA	16	G11	3	3G11	2.415	21	M09	7	2	21_M09_7
28.M09.1	CATGACGCCTCC	GTGTGYCAGCMGCCGCGGTAA	10	D4	1	1D4	34.764	28	M09	1	2	28_M09_1
28.M09.2	AACTTCACTTCC	GTGTGYCAGCMGCCGCGGTAA	10	H6	1	1H6	34.9315	28	M09	2	2	28_M09_2
28.M09.3	ACTATATTAGCT	GTGTGYCAGCMGCCGCGGTAA	10	D8	1	1D8	50.277	28	M09	3	2	28_M09_3
28.M09.4	TCAGCCTCAGCC	GTGTGYCAGCMGCCGCGGTAA	14	A1	2	2A1	38.1845	28	M09	4	2	28_M09_4
28.M09.5	ATGGACCTAGCT	GTGTGYCAGCMGCCGCGGTAA	14	A4	2	2A4	21.132	28	M09	5	2	28_M09_5
28.M09.6	AGTACTGCCTGC	GTGTGYCAGCMGCCGCGGTAA	14	E10	2	2E10	51.023	28	M09	6	2	28_M09_6
28.M09.7	GGAGATTGGAGA	GTGTGYCAGCMGCCGCGGTAA	16	B2	3	3B2	4.123	28	M09	7	2	28_M09_7
28.M09.8	CAGGTGCGCCGC	GTGTGYCAGCMGCCGCGGTAA	16	E5	3	3E5	8.9825	28	M09	8	2	28_M09_8
33.M09.1	ATTGATATTGAT	GTGTGYCAGCMGCCGCGGTAA	14	B1	2	2B1	19.0695	33	M09	1	2	33_M09_1
33.M09.2	TGAAGTCACAGT	GTGTGYCAGCMGCCGCGGTAA	14	E3	2	2E3	25.2695	33	M09	2	2	33_M09_2
33.M09.3	GAACGTCCGGAG	GTGTGYCAGCMGCCGCGGTAA	14	F6	2	2F6	16.6955	33	M09	3	2	33_M09_3
33.M09.4	TTGAGGCTACAA	GTGTGYCAGCMGCCGCGGTAA	16	C2	3	3C2	21.028	33	M09	4	2	33_M09_4
33.M09.5	CCTAGGTCCCAA	GTGTGYCAGCMGCCGCGGTAA	16	E7	3	3E7	26.4325	33	M09	5	2	33_M09_5
33.M09.6	TGAGAGTCCCTC	GTGTGYCAGCMGCCGCGGTAA	17	G1	4	4G1	2.604	33	M09	6	2	33_M09_6
33.M09.7	TCCCAACCTAGG	GTGTGYCAGCMGCCGCGGTAA	17	F3	4	4F3	6.569	33	M09	7	2	33_M09_7
33.M09.8	GCTTCCAGACAA	GTGTGYCAGCMGCCGCGGTAA	16	G12	3	3G12	36.369	33	M09	8	2	33_M09_8
41.M09.2	AACGCGAAATTC	GTGTGYCAGCMGCCGCGGTAA	10	B12	1	1B12	22.5945	41	M09	2	2	41_M09_2
41.M09.3	CTAGCCCGTTCG	GTGTGYCAGCMGCCGCGGTAA	14	A5	2	2A5	20.292	41	M09	3	2	41_M09_3
41.M09.4	CAATACGACCGT	GTGTGYCAGCMGCCGCGGTAA	14	H9	2	2H9	7.508	41	M09	4	2	41_M09_4
41.M09.5	GCTTACGTAGGT	GTGTGYCAGCMGCCGCGGTAA	16	E2	3	3E2	10.5205	41	M09	5	2	41_M09_5
41.M09.6	CCTTAGTTTACA	GTGTGYCAGCMGCCGCGGTAA	16	D8	3	3D8	13.43	41	M09	6	2	41_M09_6
41.M09.7	TAGCTCACAGCA	GTGTGYCAGCMGCCGCGGTAA	17	H1	4	4H1	6.764	41	M09	7	2	41_M09_7
41.M09.8	GTGTGTGCCATA	GTGTGYCAGCMGCCGCGGTAA	17	G2	4	4G2	4.4415	41	M09	8	2	41_M09_8
47.M09.1	GAGGGTTGTCGG	GTGTGYCAGCMGCCGCGGTAA	10	E4	1	1E4	34.054	47	M09	1	2	47_M09_1
47.M09.2	AGGTCATCTTGG	GTGTGYCAGCMGCCGCGGTAA	10	G6	1	1G6	34.424	47	M09	2	2	47_M09_2
47.M09.3	TCAATACAATAT	GTGTGYCAGCMGCCGCGGTAA	14	F2	2	2F2	6.242	47	M09	3	2	47_M09_3
47.M09.4	ATCACCAGGTGT	GTGTGYCAGCMGCCGCGGTAA	10	D12	1	1D12	44.9045	47	M09	4	2	47_M09_4
47.M09.5	ACGATCATCTGG	GTGTGYCAGCMGCCGCGGTAA	14	H3	2	2H3	50.9795	47	M09	5	2	47_M09_5
47.M09.6	GACGATCGGGCC	GTGTGYCAGCMGCCGCGGTAA	14	F9	2	2F9	9.5755	47	M09	6	2	47_M09_6
47.M09.7	TCGCTGACTCGC	GTGTGYCAGCMGCCGCGGTAA	16	D1	3	3D1	16.7305	47	M09	7	2	47_M09_7
47.M09.8	CCATAATCTTAC	GTGTGYCAGCMGCCGCGGTAA	16	F5	3	3F5	37.8525	47	M09	8	2	47_M09_8
49.M09.1	CACATATTGGGC	GTGTGYCAGCMGCCGCGGTAA	10	G3	1	1G3	22.8165	49	M09	1	2	49_M09_1
49.M09.2	AGTAAGTCGATA	GTGTGYCAGCMGCCGCGGTAA	10	E6	1	1E6	33.4665	49	M09	2	2	49_M09_2
49.M09.3	AGCCACCCGGGA	GTGTGYCAGCMGCCGCGGTAA	10	F8	1	1F8	20.1845	49	M09	3	2	49_M09_3
49.M09.4	CGTTTCAAGGAC	GTGTGYCAGCMGCCGCGGTAA	10	G11	1	1G11	13.557	49	M09	4	2	49_M09_4
49.M09.5	AGGAAAGCCAGA	GTGTGYCAGCMGCCGCGGTAA	10	E2	1	1E2	22.824	49	M09	5	2	49_M09_5
49.M09.6	GAGCACGCACGC	GTGTGYCAGCMGCCGCGGTAA	14	H7	2	2H7	40.608	49	M09	6	2	49_M09_6
49.M09.7	GCGTGTAATTAG	GTGTGYCAGCMGCCGCGGTAA	16	E3	3	3E3	22.18	49	M09	7	2	49_M09_7
49.M09.8.R	CGATACACTGCC	GTGTGYCAGCMGCCGCGGTAA	17	A4	4	4A4	29.8965	49	M09	8R	2	49_M09_8_R
8.M09.1	ACCCGACGGGAC	GTGTGYCAGCMGCCGCGGTAA	10	G5	1	1G5	39.774	8	M09	1	2	8_M09_1
8.M09.2	CGAGATAGTTTG	GTGTGYCAGCMGCCGCGGTAA	10	G8	1	1G8	16.742	8	M09	2	2	8_M09_2
8.M09.3	CCGTGGACCAGG	GTGTGYCAGCMGCCGCGGTAA	10	E12	1	1E12	15.2295	8	M09	3	2	8_M09_3
8.M09.4	ACCTAGCTAGTG	GTGTGYCAGCMGCCGCGGTAA	14	G4	2	2G4	10.5395	8	M09	4	2	8_M09_4
8.M09.5	GAACAGCTCTAC	GTGTGYCAGCMGCCGCGGTAA	14	A10	2	2A10	9.5055	8	M09	5	2	8_M09_5
8.M09.6	AACTCCTGTGGA	GTGTGYCAGCMGCCGCGGTAA	16	A2	3	3A2	17.218	8	M09	6	2	8_M09_6
8.M09.7	ATTTATCCGGTT	GTGTGYCAGCMGCCGCGGTAA	16	C8	3	3C8	28.105	8	M09	7	2	8_M09_7
8.M09.8	GCGCTCCTCCGT	GTGTGYCAGCMGCCGCGGTAA	16	D9	3	3D9	24.195	8	M09	8	2	8_M09_8
12.WATER.1	TTCGCTAACCTT	GTGTGYCAGCMGCCGCGGTAA	10	C3	1	1C3	-0.0485	12	WATER	1	3	12_WATER_1
12.WATER.2	CATGTTGGAACA	GTGTGYCAGCMGCCGCGGTAA	10	G4	1	1G4	-0.046	12	WATER	2	3	12_WATER_2
12.WATER.3	CTGCCCTCGATG	GTGTGYCAGCMGCCGCGGTAA	10	B9	1	1B9	-0.123	12	WATER	3	3	12_WATER_3
12.WATER.4	TCTATTGTTAGA	GTGTGYCAGCMGCCGCGGTAA	14	F1	2	2F1	-0.1155	12	WATER	4	3	12_WATER_4
12.WATER.5	TCACGCCGGAGG	GTGTGYCAGCMGCCGCGGTAA	14	D5	2	2D5	-0.128	12	WATER	5	3	12_WATER_5
12.WATER.6	ACTAGCGTTCAG	GTGTGYCAGCMGCCGCGGTAA	14	B7	2	2B7	-0.222	12	WATER	6	3	12_WATER_6
12.WATER.7	TCGGTAGCAACT	GTGTGYCAGCMGCCGCGGTAA	16	D3	3	3D3	-0.1595	12	WATER	7	3	12_WATER_7
12.WATER.8	GGTAGACCGGGT	GTGTGYCAGCMGCCGCGGTAA	16	H4	3	3H4	-0.255	12	WATER	8	3	12_WATER_8
23.WATER.1	TGTGTTACTCCT	GTGTGYCAGCMGCCGCGGTAA	10	A1	1	1A1	0.3665	23	WATER	1	3	23_WATER_1
23.WATER.2	CCAGGTTAATGC	GTGTGYCAGCMGCCGCGGTAA	10	F4	1	1F4	0.054	23	WATER	2	3	23_WATER_2
23.WATER.3	AGTGAAATACTG	GTGTGYCAGCMGCCGCGGTAA	10	A10	1	1A10	-0.013	23	WATER	3	3	23_WATER_3
23.WATER.4	ATGGAGTTGTTG	GTGTGYCAGCMGCCGCGGTAA	14	C1	2	2C1	-0.103	23	WATER	4	3	23_WATER_4
23.WATER.5	CAAGAGCGGATG	GTGTGYCAGCMGCCGCGGTAA	14	H5	2	2H5	-0.2095	23	WATER	5	3	23_WATER_5
23.WATER.6	GACGACATTTAG	GTGTGYCAGCMGCCGCGGTAA	14	A11	2	2A11	-0.242	23	WATER	6	3	23_WATER_6
23.WATER.7	GTCGCACGTCTC	GTGTGYCAGCMGCCGCGGTAA	16	D11	3	3D11	-0.215	23	WATER	7	3	23_WATER_7
23.WATER.8	AGGAGTTGTATA	GTGTGYCAGCMGCCGCGGTAA	16	G4	3	3G4	-0.23	23	WATER	8	3	23_WATER_8
36.WATER.2	GTCTAGTATTTC	GTGTGYCAGCMGCCGCGGTAA	10	C8	1	1C8	-0.0905	36	WATER	2	2	36_WATER_2
36.WATER.3	TGCCCTCCGTAG	GTGTGYCAGCMGCCGCGGTAA	10	H11	1	1H11	-0.093	36	WATER	3	2	36_WATER_3
36.WATER.4	CGCCCGGGACAC	GTGTGYCAGCMGCCGCGGTAA	14	B3	2	2B3	-0.0505	36	WATER	4	2	36_WATER_4
36.WATER.5	TACGAGCCCTAA	GTGTGYCAGCMGCCGCGGTAA	14	A7	2	2A7	-0.232	36	WATER	5	2	36_WATER_5
36.WATER.6	TACAAGTGGTCC	GTGTGYCAGCMGCCGCGGTAA	16	A1	3	3A1	-0.2245	36	WATER	6	2	36_WATER_6
36.WATER.7	AGCATAGAAATA	GTGTGYCAGCMGCCGCGGTAA	16	F6	3	3F6	-0.25	36	WATER	7	2	36_WATER_7
36.WATER.8	ACCGGCCGTGCG	GTGTGYCAGCMGCCGCGGTAA	16	E9	3	3E9	-0.255	36	WATER	8	2	36_WATER_8
4.WATER.1	GTCCCTATTATC	GTGTGYCAGCMGCCGCGGTAA	10	F1	1	1F1	-0.051	4	WATER	1	1	4_WATER_1
4.WATER.2	CGCTCTTAACGG	GTGTGYCAGCMGCCGCGGTAA	14	B4	2	2B4	-0.0855	4	WATER	2	1	4_WATER_2
4.WATER.3	CAGCCGCATATC	GTGTGYCAGCMGCCGCGGTAA	14	D8	2	2D8	-0.1195	4	WATER	3	1	4_WATER_3
4.WATER.4	ACAAGGCAAGGC	GTGTGYCAGCMGCCGCGGTAA	14	H11	2	2H11	-0.137	4	WATER	4	1	4_WATER_4
4.WATER.5	AGAGTAAGCCGG	GTGTGYCAGCMGCCGCGGTAA	16	H6	3	3H6	-0.205	4	WATER	5	1	4_WATER_5
4.WATER.6	CAACCGAGATTA	GTGTGYCAGCMGCCGCGGTAA	16	D10	3	3D10	-0.1325	4	WATER	6	1	4_WATER_6
4.WATER.7	TTCGTACTTCGT	GTGTGYCAGCMGCCGCGGTAA	16	C12	3	3C12	-0.23	4	WATER	7	1	4_WATER_7
4.WATER.8	CAGTTCGAGATA	GTGTGYCAGCMGCCGCGGTAA	16	F12	3	3F12	0.289	4	WATER	8	1	4_WATER_8
48.WATER.1	TTGGGTACACGT	GTGTGYCAGCMGCCGCGGTAA	10	B10	1	1B10	-0.0955	48	WATER	1	1	48_WATER_1
48.WATER.2	ATCTTGGAGTCG	GTGTGYCAGCMGCCGCGGTAA	10	H10	1	1H10	-0.078	48	WATER	2	1	48_WATER_2
48.WATER.3	CCAGTTCCAAAG	GTGTGYCAGCMGCCGCGGTAA	14	G5	2	2G5	-0.113	48	WATER	3	1	48_WATER_3
48.WATER.4	GTGTTTAACTCT	GTGTGYCAGCMGCCGCGGTAA	14	E8	2	2E8	-0.2345	48	WATER	4	1	48_WATER_4
48.WATER.5	AGTTACGAGCTA	GTGTGYCAGCMGCCGCGGTAA	14	E12	2	2E12	-0.2445	48	WATER	5	1	48_WATER_5
48.WATER.6	TAGATCCTCGGA	GTGTGYCAGCMGCCGCGGTAA	16	B8	3	3B8	-0.225	48	WATER	6	1	48_WATER_6
48.WATER.7	GAAGACAGCGAC	GTGTGYCAGCMGCCGCGGTAA	17	A2	4	4A2	0.359	48	WATER	7	1	48_WATER_7
48.WATER.8	GCGCCGAATCTT	GTGTGYCAGCMGCCGCGGTAA	17	B3	4	4B3	0.319	48	WATER	8	1	48_WATER_8
6.WATER.2	GTTGTGGGCGCG	GTGTGYCAGCMGCCGCGGTAA	10	H12	1	1H12	-0.118	6	WATER	2	2	6_WATER_2
6.WATER.3	CAGCGCGGCTAG	GTGTGYCAGCMGCCGCGGTAA	14	A3	2	2A3	-0.0855	6	WATER	3	2	6_WATER_3
6.WATER.4	TACCGGCTTGCA	GTGTGYCAGCMGCCGCGGTAA	14	G9	2	2G9	-0.2295	6	WATER	4	2	6_WATER_4
6.WATER.5	GGCCATAGGCAG	GTGTGYCAGCMGCCGCGGTAA	16	C1	3	3C1	-0.252	6	WATER	5	2	6_WATER_5
6.WATER.6	CACAAAGCGATT	GTGTGYCAGCMGCCGCGGTAA	16	G8	3	3G8	-0.2425	6	WATER	6	2	6_WATER_6
6.WATER.7	TAGCCAATTTCT	GTGTGYCAGCMGCCGCGGTAA	16	E10	3	3E10	-0.245	6	WATER	7	2	6_WATER_7
6.WATER.8	GTAATAATGCCG	GTGTGYCAGCMGCCGCGGTAA	17	C3	4	4C3	0.249	6	WATER	8	2	6_WATER_8